revit_type_key,group,chapter,revit_text,element_role,base_unit,sinapi_codigo,sinapi_descricao,sinapi_grupo,sinapi_unidade,qty_basis,conversion_factor,match_score,confidence,match_method,reviewed,candidates
paredes_alvenaria||Parede básica - int - ARRIMO          (----/ TINTA) (15)|,paredes_alvenaria,Vedações,Parede básica - int - ARRIMO          (----/ TINTA) (15),,M2,103318.0,ALVENARIA DE VEDAÇÃO DE BLOCOS VAZADOS DE CONCRETO DE 14X19X39 CM (ESPESSURA 14 CM) E ARGAMASSA DE ASSENTAMENTO COM PREPARO EM BETONEIRA. AF_12/2021,Alvenaria de Vedação,M2,M2,1.0,27,medium,rule+thickness,False,103318:27;103319:27;103342:27;103343:27;103360:27
paredes_alvenaria||Parede básica - int - ARRIMO          (----/ TINTA) (25)|,paredes_alvenaria,Vedações,Parede básica - int - ARRIMO          (----/ TINTA) (25),,M2,103320.0,ALVENARIA DE VEDAÇÃO DE BLOCOS VAZADOS DE CONCRETO DE 19X19X39 CM (ESPESSURA 19 CM) E ARGAMASSA DE ASSENTAMENTO COM PREPARO EM BETONEIRA. AF_12/2021,Alvenaria de Vedação,M2,M2,1.0,27,medium,rule+thickness,False,103320:27;103321:27;103362:27;103363:27;103370:27
paredes_alvenaria||Parede básica - int - ARRIMO          (----/ TINTA) (45)|,paredes_alvenaria,Vedações,Parede básica - int - ARRIMO          (----/ TINTA) (45),,M2,103320.0,ALVENARIA DE VEDAÇÃO DE BLOCOS VAZADOS DE CONCRETO DE 19X19X39 CM (ESPESSURA 19 CM) E ARGAMASSA DE ASSENTAMENTO COM PREPARO EM BETONEIRA. AF_12/2021,Alvenaria de Vedação,M2,M2,1.0,27,medium,rule+thickness,False,103320:27;103321:27;103362:27;103363:27;103370:27
paredes_alvenaria||Parede básica - int - CERÂMICO          (AZULEJO / AZULEJO) (15)|,paredes_alvenaria,Vedações,Parede básica - int - CERÂMICO          (AZULEJO / AZULEJO) (15),,M2,103360.0,ALVENARIA DE VEDAÇÃO DE BLOCOS CERÂMICOS FURADOS NA HORIZONTAL DE 14X19X29 CM (ESPESSURA 14 CM) E ARGAMASSA DE ASSENTAMENTO COM PREPARO EM BETONEIRA. AF_12/2021,Alvenaria de Vedação,M2,M2,1.0,31,medium,rule+thickness,False,103360:31;103361:31;103368:31;103369:31;103318:30
paredes_alvenaria||Parede básica - int - CERÂMICO          (AZULEJO / AZULEJO) (25)|,paredes_alvenaria,Vedações,Parede básica - int - CERÂMICO          (AZULEJO / AZULEJO) (25),,M2,103362.0,ALVENARIA DE VEDAÇÃO DE BLOCOS CERÂMICOS FURADOS NA HORIZONTAL DE 19X19X29 CM (ESPESSURA 19 CM) E ARGAMASSA DE ASSENTAMENTO COM PREPARO EM BETONEIRA. AF_12/2021,Alvenaria de Vedação,M2,M2,1.0,31,medium,rule+thickness,False,103362:31;103363:31;103370:31;103371:31;103320:30
paredes_alvenaria||Parede básica - int - CERÂMICO          (AZULEJO / TINTA EXTERNA) (25)|,paredes_alvenaria,Vedações,Parede básica - int - CERÂMICO          (AZULEJO / TINTA EXTERNA) (25),,M2,103327.0,ALVENARIA DE VEDAÇÃO DE BLOCOS CERÂMICOS FURADOS NA VERTICAL DE 19X19X39 CM (ESPESSURA 19 CM) E ARGAMASSA DE ASSENTAMENTO COM PREPARO MANUAL. AF_12/2021,Alvenaria de Vedação,M2,M2,1.0,38,medium,rule+thickness,False,103327:38;103326:37;103362:35;103363:35;103370:35
paredes_alvenaria||Parede básica - int - CERÂMICO          (CARPETE AZUL / -----) (15)|,paredes_alvenaria,Vedações,Parede básica - int - CERÂMICO          (CARPETE AZUL / -----) (15),,M2,103318.0,ALVENARIA DE VEDAÇÃO DE BLOCOS VAZADOS DE CONCRETO DE 14X19X39 CM (ESPESSURA 14 CM) E ARGAMASSA DE ASSENTAMENTO COM PREPARO EM BETONEIRA. AF_12/2021,Alvenaria de Vedação,M2,M2,1.0,35,medium,rule+thickness,False,103318:35;103342:35;103361:35;103369:35;103325:34
paredes_alvenaria||Parede básica - int - CERÂMICO          (TINTA / AZULEJO) (25)|,paredes_alvenaria,Vedações,Parede básica - int - CERÂMICO          (TINTA / AZULEJO) (25),,M2,103326.0,ALVENARIA DE VEDAÇÃO DE BLOCOS CERÂMICOS FURADOS NA VERTICAL DE 19X19X39 CM (ESPESSURA 19 CM) E ARGAMASSA DE ASSENTAMENTO COM PREPARO EM BETONEIRA. AF_12/2021,Alvenaria de Vedação,M2,M2,1.0,33,medium,rule+thickness,False,103326:33;103327:33;103320:31;103362:31;103363:31
paredes_alvenaria||Parede básica - int - CERÂMICO          (TINTA / AZULEJO) (45)|,paredes_alvenaria,Vedações,Parede básica - int - CERÂMICO          (TINTA / AZULEJO) (45),,M2,103326.0,ALVENARIA DE VEDAÇÃO DE BLOCOS CERÂMICOS FURADOS NA VERTICAL DE 19X19X39 CM (ESPESSURA 19 CM) E ARGAMASSA DE ASSENTAMENTO COM PREPARO EM BETONEIRA. AF_12/2021,Alvenaria de Vedação,M2,M2,1.0,33,medium,rule+thickness,False,103326:33;103327:33;103320:31;103362:31;103363:31
paredes_alvenaria||Parede básica - int - CERÂMICO          (TINTA / TINTA) (15)|,paredes_alvenaria,Vedações,Parede básica - int - CERÂMICO          (TINTA / TINTA) (15),,M2,103324.0,ALVENARIA DE VEDAÇÃO DE BLOCOS CERÂMICOS FURADOS NA VERTICAL DE 14X19X39 CM (ESPESSURA 14 CM) E ARGAMASSA DE ASSENTAMENTO COM PREPARO EM BETONEIRA. AF_12/2021,Alvenaria de Vedação,M2,M2,1.0,30,medium,rule+thickness,False,103324:30;103325:30;103346:30;103347:30;103334:28
paredes_alvenaria||Parede básica - int - CERÂMICO          (TINTA / TINTA) (25)|,paredes_alvenaria,Vedações,Parede básica - int - CERÂMICO          (TINTA / TINTA) (25),,M2,103326.0,ALVENARIA DE VEDAÇÃO DE BLOCOS CERÂMICOS FURADOS NA VERTICAL DE 19X19X39 CM (ESPESSURA 19 CM) E ARGAMASSA DE ASSENTAMENTO COM PREPARO EM BETONEIRA. AF_12/2021,Alvenaria de Vedação,M2,M2,1.0,30,medium,rule+thickness,False,103326:30;103327:30;103362:28;103363:28;103370:28
paredes_alvenaria||Parede básica - int - CERÂMICO          (TINTA EPÓXI / AZULEJO) (15)|,paredes_alvenaria,Vedações,Parede básica - int - CERÂMICO          (TINTA EPÓXI / AZULEJO) (15),,M2,103324.0,ALVENARIA DE VEDAÇÃO DE BLOCOS CERÂMICOS FURADOS NA VERTICAL DE 14X19X39 CM (ESPESSURA 14 CM) E ARGAMASSA DE ASSENTAMENTO COM PREPARO EM BETONEIRA. AF_12/2021,Alvenaria de Vedação,M2,M2,1.0,36,medium,rule+thickness,False,103324:36;103325:36;103346:36;103347:36;103360:35
paredes_alvenaria||Parede básica - int - CERÂMICO          (TINTA EPÓXI / TINTA INTERNA) (15)|,paredes_alvenaria,Vedações,Parede básica - int - CERÂMICO          (TINTA EPÓXI / TINTA INTERNA) (15),,M2,103325.0,ALVENARIA DE VEDAÇÃO DE BLOCOS CERÂMICOS FURADOS NA VERTICAL DE 14X19X39 CM (ESPESSURA 14 CM) E ARGAMASSA DE ASSENTAMENTO COM PREPARO MANUAL. AF_12/2021,Alvenaria de Vedação,M2,M2,1.0,35,medium,rule+thickness,False,103325:35;103347:35;103361:35;103369:35;103324:34
paredes_alvenaria||Parede básica - int - CERÂMICO          (TINTA EPÓXI / TINTA INTERNA) (15) 2|,paredes_alvenaria,Vedações,Parede básica - int - CERÂMICO          (TINTA EPÓXI / TINTA INTERNA) (15) 2,,M2,103325.0,ALVENARIA DE VEDAÇÃO DE BLOCOS CERÂMICOS FURADOS NA VERTICAL DE 14X19X39 CM (ESPESSURA 14 CM) E ARGAMASSA DE ASSENTAMENTO COM PREPARO MANUAL. AF_12/2021,Alvenaria de Vedação,M2,M2,1.0,37,medium,rule+thickness,False,103325:37;103347:37;103361:37;103369:37;103324:36
paredes_alvenaria||Parede básica - int - CERÂMICO          (TINTA EXTERNA / TINTA EPOXI) (15)|,paredes_alvenaria,Vedações,Parede básica - int - CERÂMICO          (TINTA EXTERNA / TINTA EPOXI) (15),,M2,103325.0,ALVENARIA DE VEDAÇÃO DE BLOCOS CERÂMICOS FURADOS NA VERTICAL DE 14X19X39 CM (ESPESSURA 14 CM) E ARGAMASSA DE ASSENTAMENTO COM PREPARO MANUAL. AF_12/2021,Alvenaria de Vedação,M2,M2,1.0,36,medium,rule+thickness,False,103325:36;103347:36;103324:35;103346:35;103360:34
paredes_alvenaria||Parede básica - int - CERÂMICO          (TINTA EXTERNA / TINTA EXTERNA) (20)|,paredes_alvenaria,Vedações,Parede básica - int - CERÂMICO          (TINTA EXTERNA / TINTA EXTERNA) (20),,M2,103327.0,ALVENARIA DE VEDAÇÃO DE BLOCOS CERÂMICOS FURADOS NA VERTICAL DE 19X19X39 CM (ESPESSURA 19 CM) E ARGAMASSA DE ASSENTAMENTO COM PREPARO MANUAL. AF_12/2021,Alvenaria de Vedação,M2,M2,1.0,35,medium,rule+thickness,False,103327:35;103326:34;103362:32;103363:32;103370:32
paredes_alvenaria||Parede básica - int - CERÂMICO          (TINTA EXTERNA / TINTA EXTERNA) (25)|,paredes_alvenaria,Vedações,Parede básica - int - CERÂMICO          (TINTA EXTERNA / TINTA EXTERNA) (25),,M2,103327.0,ALVENARIA DE VEDAÇÃO DE BLOCOS CERÂMICOS FURADOS NA VERTICAL DE 19X19X39 CM (ESPESSURA 19 CM) E ARGAMASSA DE ASSENTAMENTO COM PREPARO MANUAL. AF_12/2021,Alvenaria de Vedação,M2,M2,1.0,35,medium,rule+thickness,False,103327:35;103326:34;103362:32;103363:32;103370:32
paredes_alvenaria||Parede básica - int - CERÂMICO          (TINTA EXTERNA / TINTA EXTERNA) (45)|,paredes_alvenaria,Vedações,Parede básica - int - CERÂMICO          (TINTA EXTERNA / TINTA EXTERNA) (45),,M2,103327.0,ALVENARIA DE VEDAÇÃO DE BLOCOS CERÂMICOS FURADOS NA VERTICAL DE 19X19X39 CM (ESPESSURA 19 CM) E ARGAMASSA DE ASSENTAMENTO COM PREPARO MANUAL. AF_12/2021,Alvenaria de Vedação,M2,M2,1.0,35,medium,rule+thickness,False,103327:35;103326:34;103362:32;103363:32;103370:32
paredes_alvenaria||Parede básica - int - CERÂMICO          (TINTA EXTERNA / TINTA INTERNA) (15)|,paredes_alvenaria,Vedações,Parede básica - int - CERÂMICO          (TINTA EXTERNA / TINTA INTERNA) (15),,M2,103325.0,ALVENARIA DE VEDAÇÃO DE BLOCOS CERÂMICOS FURADOS NA VERTICAL DE 14X19X39 CM (ESPESSURA 14 CM) E ARGAMASSA DE ASSENTAMENTO COM PREPARO MANUAL. AF_12/2021,Alvenaria de Vedação,M2,M2,1.0,36,medium,rule+thickness,False,103325:36;103347:36;103324:35;103346:35;103361:35
paredes_alvenaria||Parede básica - int - CERÂMICO          (TINTA EXTERNA / TINTA INTERNA) (25)|,paredes_alvenaria,Vedações,Parede básica - int - CERÂMICO          (TINTA EXTERNA / TINTA INTERNA) (25),,M2,103327.0,ALVENARIA DE VEDAÇÃO DE BLOCOS CERÂMICOS FURADOS NA VERTICAL DE 19X19X39 CM (ESPESSURA 19 CM) E ARGAMASSA DE ASSENTAMENTO COM PREPARO MANUAL. AF_12/2021,Alvenaria de Vedação,M2,M2,1.0,36,medium,rule+thickness,False,103327:36;103326:35;103363:35;103371:35;103362:34
paredes_alvenaria||Parede básica - int - CERÂMICO          (TINTA EXTERNA / TINTA INTERNA) (45)|,paredes_alvenaria,Vedações,Parede básica - int - CERÂMICO          (TINTA EXTERNA / TINTA INTERNA) (45),,M2,103327.0,ALVENARIA DE VEDAÇÃO DE BLOCOS CERÂMICOS FURADOS NA VERTICAL DE 19X19X39 CM (ESPESSURA 19 CM) E ARGAMASSA DE ASSENTAMENTO COM PREPARO MANUAL. AF_12/2021,Alvenaria de Vedação,M2,M2,1.0,36,medium,rule+thickness,False,103327:36;103326:35;103363:35;103371:35;103362:34
paredes_alvenaria||Parede básica - int - CERÂMICO          (TINTA EXTERNA/ AZULEJO) (15)|,paredes_alvenaria,Vedações,Parede básica - int - CERÂMICO          (TINTA EXTERNA/ AZULEJO) (15),,M2,103325.0,ALVENARIA DE VEDAÇÃO DE BLOCOS CERÂMICOS FURADOS NA VERTICAL DE 14X19X39 CM (ESPESSURA 14 CM) E ARGAMASSA DE ASSENTAMENTO COM PREPARO MANUAL. AF_12/2021,Alvenaria de Vedação,M2,M2,1.0,38,medium,rule+thickness,False,103325:38;103347:38;103324:37;103346:37;103360:35
paredes_alvenaria||Parede básica - int - CERÂMICO          (TINTA EXTERNA/ TINTA EXTERNA) (15)|,paredes_alvenaria,Vedações,Parede básica - int - CERÂMICO          (TINTA EXTERNA/ TINTA EXTERNA) (15),,M2,103325.0,ALVENARIA DE VEDAÇÃO DE BLOCOS CERÂMICOS FURADOS NA VERTICAL DE 14X19X39 CM (ESPESSURA 14 CM) E ARGAMASSA DE ASSENTAMENTO COM PREPARO MANUAL. AF_12/2021,Alvenaria de Vedação,M2,M2,1.0,35,medium,rule+thickness,False,103325:35;103347:35;103324:34;103346:34;103360:32
paredes_alvenaria||Parede básica - int - CERÂMICO          (TINTA EXTERNO / TINTA EXTERNO) (15) 2|,paredes_alvenaria,Vedações,Parede básica - int - CERÂMICO          (TINTA EXTERNO / TINTA EXTERNO) (15) 2,,M2,103324.0,ALVENARIA DE VEDAÇÃO DE BLOCOS CERÂMICOS FURADOS NA VERTICAL DE 14X19X39 CM (ESPESSURA 14 CM) E ARGAMASSA DE ASSENTAMENTO COM PREPARO EM BETONEIRA. AF_12/2021,Alvenaria de Vedação,M2,M2,1.0,36,medium,rule+thickness,False,103324:36;103325:36;103346:36;103347:36;103360:34
paredes_alvenaria||Parede básica - int - CERÂMICO          (TINTA EXTERNO / TINTA EXTERNO) (25)|,paredes_alvenaria,Vedações,Parede básica - int - CERÂMICO          (TINTA EXTERNO / TINTA EXTERNO) (25),,M2,103326.0,ALVENARIA DE VEDAÇÃO DE BLOCOS CERÂMICOS FURADOS NA VERTICAL DE 19X19X39 CM (ESPESSURA 19 CM) E ARGAMASSA DE ASSENTAMENTO COM PREPARO EM BETONEIRA. AF_12/2021,Alvenaria de Vedação,M2,M2,1.0,34,medium,rule+thickness,False,103326:34;103327:34;103362:32;103363:32;103370:32
paredes_alvenaria||Parede básica - int - CERÂMICO          (TINTA EXTERNO / TINTA INTERNO) (45)|,paredes_alvenaria,Vedações,Parede básica - int - CERÂMICO          (TINTA EXTERNO / TINTA INTERNO) (45),,M2,103327.0,ALVENARIA DE VEDAÇÃO DE BLOCOS CERÂMICOS FURADOS NA VERTICAL DE 19X19X39 CM (ESPESSURA 19 CM) E ARGAMASSA DE ASSENTAMENTO COM PREPARO MANUAL. AF_12/2021,Alvenaria de Vedação,M2,M2,1.0,35,medium,rule+thickness,False,103327:35;103326:34;103363:34;103371:34;103320:33
paredes_alvenaria||Parede básica - int - CERÂMICO          (TINTA EXTERNO/ TINTA EXTERNO) (20)|,paredes_alvenaria,Vedações,Parede básica - int - CERÂMICO          (TINTA EXTERNO/ TINTA EXTERNO) (20),,M2,103326.0,ALVENARIA DE VEDAÇÃO DE BLOCOS CERÂMICOS FURADOS NA VERTICAL DE 19X19X39 CM (ESPESSURA 19 CM) E ARGAMASSA DE ASSENTAMENTO COM PREPARO EM BETONEIRA. AF_12/2021,Alvenaria de Vedação,M2,M2,1.0,34,medium,rule+thickness,False,103326:34;103327:34;103362:32;103363:32;103370:32
paredes_alvenaria||Parede básica - int - CERÂMICO          (TINTA EXTERNO/ TINTA INTERNO) (25)|,paredes_alvenaria,Vedações,Parede básica - int - CERÂMICO          (TINTA EXTERNO/ TINTA INTERNO) (25),,M2,103327.0,ALVENARIA DE VEDAÇÃO DE BLOCOS CERÂMICOS FURADOS NA VERTICAL DE 19X19X39 CM (ESPESSURA 19 CM) E ARGAMASSA DE ASSENTAMENTO COM PREPARO MANUAL. AF_12/2021,Alvenaria de Vedação,M2,M2,1.0,35,medium,rule+thickness,False,103327:35;103326:34;103363:34;103371:34;103320:33
paredes_alvenaria||Parede básica - int - CERÂMICO          (TINTA INTERNA / AZULEJO) (25)|,paredes_alvenaria,Vedações,Parede básica - int - CERÂMICO          (TINTA INTERNA / AZULEJO) (25),,M2,103326.0,ALVENARIA DE VEDAÇÃO DE BLOCOS CERÂMICOS FURADOS NA VERTICAL DE 19X19X39 CM (ESPESSURA 19 CM) E ARGAMASSA DE ASSENTAMENTO COM PREPARO EM BETONEIRA. AF_12/2021,Alvenaria de Vedação,M2,M2,1.0,36,medium,rule+thickness,False,103326:36;103327:36;103321:34;103363:34;103371:34
paredes_alvenaria||Parede básica - int - CERÂMICO          (TINTA INTERNA / TINTA INTERNA) (15)|,paredes_alvenaria,Vedações,Parede básica - int - CERÂMICO          (TINTA INTERNA / TINTA INTERNA) (15),,M2,103324.0,ALVENARIA DE VEDAÇÃO DE BLOCOS CERÂMICOS FURADOS NA VERTICAL DE 14X19X39 CM (ESPESSURA 14 CM) E ARGAMASSA DE ASSENTAMENTO COM PREPARO EM BETONEIRA. AF_12/2021,Alvenaria de Vedação,M2,M2,1.0,33,medium,rule+thickness,False,103324:33;103325:33;103346:33;103347:33;103361:31
paredes_alvenaria||Parede básica - int - CERÂMICO          (TINTA INTERNA / TINTA INTERNA) (20)|,paredes_alvenaria,Vedações,Parede básica - int - CERÂMICO          (TINTA INTERNA / TINTA INTERNA) (20),,M2,103326.0,ALVENARIA DE VEDAÇÃO DE BLOCOS CERÂMICOS FURADOS NA VERTICAL DE 19X19X39 CM (ESPESSURA 19 CM) E ARGAMASSA DE ASSENTAMENTO COM PREPARO EM BETONEIRA. AF_12/2021,Alvenaria de Vedação,M2,M2,1.0,33,medium,rule+thickness,False,103326:33;103327:33;103363:31;103371:31;103321:30
paredes_alvenaria||Parede básica - int - CERÂMICO          (TINTA INTERNA / TINTA INTERNA) (25) 2|,paredes_alvenaria,Vedações,Parede básica - int - CERÂMICO          (TINTA INTERNA / TINTA INTERNA) (25) 2,,M2,103326.0,ALVENARIA DE VEDAÇÃO DE BLOCOS CERÂMICOS FURADOS NA VERTICAL DE 19X19X39 CM (ESPESSURA 19 CM) E ARGAMASSA DE ASSENTAMENTO COM PREPARO EM BETONEIRA. AF_12/2021,Alvenaria de Vedação,M2,M2,1.0,35,medium,rule+thickness,False,103326:35;103327:35;103321:33;103363:33;103371:33
paredes_alvenaria||Parede básica - int - CERÂMICO          (TINTA INTERNA / TINTA INTERNA) (30) 2|,paredes_alvenaria,Vedações,Parede básica - int - CERÂMICO          (TINTA INTERNA / TINTA INTERNA) (30) 2,,M2,103326.0,ALVENARIA DE VEDAÇÃO DE BLOCOS CERÂMICOS FURADOS NA VERTICAL DE 19X19X39 CM (ESPESSURA 19 CM) E ARGAMASSA DE ASSENTAMENTO COM PREPARO EM BETONEIRA. AF_12/2021,Alvenaria de Vedação,M2,M2,1.0,35,medium,rule+thickness,False,103326:35;103327:35;103321:33;103363:33;103371:33
paredes_alvenaria||Parede básica - int - CERÂMICO          (TINTA INTERNA/ AZULEJO) (15)|,paredes_alvenaria,Vedações,Parede básica - int - CERÂMICO          (TINTA INTERNA/ AZULEJO) (15),,M2,103324.0,ALVENARIA DE VEDAÇÃO DE BLOCOS CERÂMICOS FURADOS NA VERTICAL DE 14X19X39 CM (ESPESSURA 14 CM) E ARGAMASSA DE ASSENTAMENTO COM PREPARO EM BETONEIRA. AF_12/2021,Alvenaria de Vedação,M2,M2,1.0,36,medium,rule+thickness,False,103324:36;103325:36;103346:36;103347:36;103319:34
paredes_alvenaria||Parede básica - int - CERÂMICO          (TINTA RENOMEAR / TINTA RENOMEAR) (30)|,paredes_alvenaria,Vedações,Parede básica - int - CERÂMICO          (TINTA RENOMEAR / TINTA RENOMEAR) (30),,M2,103326.0,ALVENARIA DE VEDAÇÃO DE BLOCOS CERÂMICOS FURADOS NA VERTICAL DE 19X19X39 CM (ESPESSURA 19 CM) E ARGAMASSA DE ASSENTAMENTO COM PREPARO EM BETONEIRA. AF_12/2021,Alvenaria de Vedação,M2,M2,1.0,33,medium,rule+thickness,False,103326:33;103327:33;103362:31;103363:31;103370:31
paredes_alvenaria||Parede empilhada - int - CERÂMICO          (ATÉ 300 DE ALTURA) (AZULEJO/ AZULEJO) (15) - int - CERÂMICO          (AZULEJO / (TINTA INTERNA) (15) 2|,paredes_alvenaria,Vedações,Parede empilhada - int - CERÂMICO          (ATÉ 300 DE ALTURA) (AZULEJO/ AZULEJO) (15) - int - CERÂMICO          (AZULEJO / (TINTA INTERNA) (15) 2,,M2,103325.0,ALVENARIA DE VEDAÇÃO DE BLOCOS CERÂMICOS FURADOS NA VERTICAL DE 14X19X39 CM (ESPESSURA 14 CM) E ARGAMASSA DE ASSENTAMENTO COM PREPARO MANUAL. AF_12/2021,Alvenaria de Vedação,M2,M2,1.0,47,medium,rule+thickness,False,103325:47;103347:47;103360:46;103361:46;103368:46
paredes_alvenaria||Parede empilhada - int - CERÂMICO          (ATÉ 300 DE ALTURA) (TINTA EPÓXI / AZULEJO) (15) - int - CERÂMICO          (TINTA EPÓXI / TINTA INTERNA) (15)|,paredes_alvenaria,Vedações,Parede empilhada - int - CERÂMICO          (ATÉ 300 DE ALTURA) (TINTA EPÓXI / AZULEJO) (15) - int - CERÂMICO          (TINTA EPÓXI / TINTA INTERNA) (15),,M2,103325.0,ALVENARIA DE VEDAÇÃO DE BLOCOS CERÂMICOS FURADOS NA VERTICAL DE 14X19X39 CM (ESPESSURA 14 CM) E ARGAMASSA DE ASSENTAMENTO COM PREPARO MANUAL. AF_12/2021,Alvenaria de Vedação,M2,M2,1.0,45,medium,rule+thickness,False,103325:45;103347:45;103324:44;103335:44;103346:44
paredes_alvenaria||Parede empilhada - int - CERÂMICO          (ATÉ 300 DE ALTURA) (TINTA INTERNA / AZULEJO) (15) - int - CERÂMICO          (TINTA EXTERNA / (TINTA INTERNA) (15)|,paredes_alvenaria,Vedações,Parede empilhada - int - CERÂMICO          (ATÉ 300 DE ALTURA) (TINTA INTERNA / AZULEJO) (15) - int - CERÂMICO          (TINTA EXTERNA / (TINTA INTERNA) (15),,M2,103324.0,ALVENARIA DE VEDAÇÃO DE BLOCOS CERÂMICOS FURADOS NA VERTICAL DE 14X19X39 CM (ESPESSURA 14 CM) E ARGAMASSA DE ASSENTAMENTO COM PREPARO EM BETONEIRA. AF_12/2021,Alvenaria de Vedação,M2,M2,1.0,45,medium,rule+thickness,False,103324:45;103325:45;103335:45;103346:45;103347:45
paredes_alvenaria||Parede empilhada - int - CERÂMICO          (ATÉ 300 DE ALTURA) (TINTA INTERNA / AZULEJO) (15) - int - CERÂMICO          (TINTA INTERNA / (TINTA INTERNA) (15)|,paredes_alvenaria,Vedações,Parede empilhada - int - CERÂMICO          (ATÉ 300 DE ALTURA) (TINTA INTERNA / AZULEJO) (15) - int - CERÂMICO          (TINTA INTERNA / (TINTA INTERNA) (15),,M2,103325.0,ALVENARIA DE VEDAÇÃO DE BLOCOS CERÂMICOS FURADOS NA VERTICAL DE 14X19X39 CM (ESPESSURA 14 CM) E ARGAMASSA DE ASSENTAMENTO COM PREPARO MANUAL. AF_12/2021,Alvenaria de Vedação,M2,M2,1.0,45,medium,rule+thickness,False,103325:45;103347:45;103361:45;103369:45;103324:44
paredes_alvenaria||Parede empilhada - int - CERÂMICO          (ATÉ 300 DE ALTURA) (TINTA INTERNA/ TINTA INTERNA) (25) - int - CERÂMICO          (AZULEJO / (TINTA INTERNA) (25)|,paredes_alvenaria,Vedações,Parede empilhada - int - CERÂMICO          (ATÉ 300 DE ALTURA) (TINTA INTERNA/ TINTA INTERNA) (25) - int - CERÂMICO          (AZULEJO / (TINTA INTERNA) (25),,M2,103327.0,ALVENARIA DE VEDAÇÃO DE BLOCOS CERÂMICOS FURADOS NA VERTICAL DE 19X19X39 CM (ESPESSURA 19 CM) E ARGAMASSA DE ASSENTAMENTO COM PREPARO MANUAL. AF_12/2021,Alvenaria de Vedação,M2,M2,1.0,45,medium,rule+thickness,False,103327:45;103363:45;103371:45;103326:44;103362:44
divisoria_leve||Parede básica - int - DIVISÓRIA DE GRANITO          (3)|GRANITO POLIDO PRETO (E = 3 cm),divisoria_leve,Vedações,Parede básica - int - DIVISÓRIA DE GRANITO          (3) | GRANITO POLIDO PRETO (E = 3 cm),,M2,102253.0,"DIVISORIA SANITÁRIA, EM GRANITO CINZA POLIDO, ESP = 3CM, ASSENTADO COM ARGAMASSA COLANTE AC III-E. AF_10/2025",Instalações de Divisórias Diversas,M2,M2,1.0,61,medium,rule+fuzzy,False,102253:61;102254:53;102257:50;102235:49;96358:43
divisoria_leve||Parede básica - int - DIVISÓRIA NAVAL          (3)|DIVISÓRIA NAVAL,divisoria_leve,Vedações,Parede básica - int - DIVISÓRIA NAVAL          (3) | DIVISÓRIA NAVAL,,M2,,,Instalações de Divisórias Diversas,M2,M2,1.0,42,gap,llm_review,True,102235:42;102253:42;102254:42;102257:42;96358:30
divisoria_leve||Parede básica - int - DIVISÓRIA NAVAL          (5)|DIVISÓRIA NAVAL,divisoria_leve,Vedações,Parede básica - int - DIVISÓRIA NAVAL          (5) | DIVISÓRIA NAVAL,,M2,,,Instalações de Divisórias Diversas,M2,M2,1.0,42,gap,llm_review,True,102235:42;102253:42;102254:42;102257:42;96358:30
divisoria_leve||Parede básica - int - DRY WALL + COMPENSADO DE REFORÇO 20 cm          (TINTA / TINTA) (10)|ACABAMENTO EM PINTURA BRANCA,divisoria_leve,Vedações,Parede básica - int - DRY WALL + COMPENSADO DE REFORÇO 20 cm          (TINTA / TINTA) (10) | ACABAMENTO EM PINTURA BRANCA,,M2,102254.0,"DIVISORIA SANITÁRIA, EM MÁRMORE BRANCO POLIDO, ESP = 3CM, ASSENTADO COM ARGAMASSA COLANTE AC III-E. AF_10/2025",Instalações de Divisórias Diversas,M2,M2,1.0,48,low,rule+fuzzy,False,102254:48;102257:47;96368:46;96358:45;96362:45
"divisoria_leve||Parede básica - int - DRY WALL + LÃ DE ROCHA          (TINTA / TINTA) (9)|PLACAS DE GESSO ACARTONADO TIPO ST (E = 12,5 mm)",divisoria_leve,Vedações,"Parede básica - int - DRY WALL + LÃ DE ROCHA          (TINTA / TINTA) (9) | PLACAS DE GESSO ACARTONADO TIPO ST (E = 12,5 mm)",,M2,96358.0,"PAREDE COM SISTEMA EM CHAPAS DE GESSO PARA DRYWALL, USO INTERNO, COM DUAS FACES SIMPLES E ESTRUTURA METÁLICA COM GUIAS SIMPLES, SEM VÃOS. AF_07/2023_PS",Paredes em Drywall,M2,M2,1.0,48,low,rule+fuzzy,False,96358:48;96368:48;96370:47;96360:46;96366:46
parede_revestimento||Parede básica - int - ARRIMO          (----/ TINTA) (15)|PINTURA ACRÍLICA IMPERMEÁVEL,parede_revestimento,Acabamentos,Parede básica - int - ARRIMO          (----/ TINTA) (15) | PINTURA ACRÍLICA IMPERMEÁVEL,,M2,104641.0,"PINTURA LÁTEX ACRÍLICA ECONÔMICA, APLICAÇÃO MANUAL EM PAREDES, DUAS DEMÃOS. AF_04/2023",Pintura Interna,M2,M2,1.0,60,medium,rule+fuzzy,False,104641:60;95305:58;88489:56;104642:56;88488:54
parede_revestimento||Parede básica - int - ARRIMO          (----/ TINTA) (25)|PINTURA ACRÍLICA IMPERMEÁVEL,parede_revestimento,Acabamentos,Parede básica - int - ARRIMO          (----/ TINTA) (25) | PINTURA ACRÍLICA IMPERMEÁVEL,,M2,104641.0,"PINTURA LÁTEX ACRÍLICA ECONÔMICA, APLICAÇÃO MANUAL EM PAREDES, DUAS DEMÃOS. AF_04/2023",Pintura Interna,M2,M2,1.0,60,medium,rule+fuzzy,False,104641:60;95305:58;88489:56;104642:56;88488:54
parede_revestimento||Parede básica - int - ARRIMO          (----/ TINTA) (45)|PINTURA ACRÍLICA IMPERMEÁVEL,parede_revestimento,Acabamentos,Parede básica - int - ARRIMO          (----/ TINTA) (45) | PINTURA ACRÍLICA IMPERMEÁVEL,,M2,104641.0,"PINTURA LÁTEX ACRÍLICA ECONÔMICA, APLICAÇÃO MANUAL EM PAREDES, DUAS DEMÃOS. AF_04/2023",Pintura Interna,M2,M2,1.0,60,medium,rule+fuzzy,False,104641:60;95305:58;88489:56;104642:56;88488:54
parede_revestimento||Parede básica - int - CERÂMICO          (AZULEJO / AZULEJO) (15)|CERÂMICA 60 x 30 cm BRANCO,parede_revestimento,Acabamentos,Parede básica - int - CERÂMICO          (AZULEJO / AZULEJO) (15) | CERÂMICA 60 x 30 cm BRANCO,,M2,87265.0,REVESTIMENTO CERÂMICO PARA PAREDES INTERNAS COM PLACAS TIPO ESMALTADA DE DIMENSÕES 20X20 CM APLICADAS NA ALTURA INTEIRA DAS PAREDES. AF_02/2023_PE,Revestimentos Cerâmicos Internos,M2,M2,1.0,43,high,llm_review,True,104617:43;87265:42;87267:42;87269:42;87271:42
parede_revestimento||Parede básica - int - CERÂMICO          (AZULEJO / AZULEJO) (25)|CERÂMICA 60 x 30 cm BRANCO,parede_revestimento,Acabamentos,Parede básica - int - CERÂMICO          (AZULEJO / AZULEJO) (25) | CERÂMICA 60 x 30 cm BRANCO,,M2,87265.0,REVESTIMENTO CERÂMICO PARA PAREDES INTERNAS COM PLACAS TIPO ESMALTADA DE DIMENSÕES 20X20 CM APLICADAS NA ALTURA INTEIRA DAS PAREDES. AF_02/2023_PE,Revestimentos Cerâmicos Internos,M2,M2,1.0,43,high,llm_review,True,104617:43;87265:42;87267:42;87269:42;87271:42
parede_revestimento||Parede básica - int - CERÂMICO          (AZULEJO / TINTA EXTERNA) (25)|PINTURA ACRÍLICA IMPERMEÁVEL,parede_revestimento,Acabamentos,Parede básica - int - CERÂMICO          (AZULEJO / TINTA EXTERNA) (25) | PINTURA ACRÍLICA IMPERMEÁVEL,,M2,88423.0,"APLICAÇÃO MANUAL DE PINTURA COM TINTA TEXTURIZADA ACRÍLICA EM PAREDES EXTERNAS DE CASAS, UMA COR. AF_03/2024",Pintura Externa,M2,M2,1.0,60,medium,rule+fuzzy,False,88423:60;88431:59;95626:58;88432:56;96130:54
parede_revestimento||Parede básica - int - CERÂMICO          (CARPETE AZUL / -----) (15)|PISO EM CARPETE AZUL ESCURO,parede_revestimento,Acabamentos,Parede básica - int - CERÂMICO          (CARPETE AZUL / -----) (15) | PISO EM CARPETE AZUL ESCURO,,M2,104641.0,"PINTURA LÁTEX ACRÍLICA ECONÔMICA, APLICAÇÃO MANUAL EM PAREDES, DUAS DEMÃOS. AF_04/2023",Pintura Interna,M2,M2,1.0,46,low,llm_review,True,104617:46;87246:45;87247:45;87248:45;87249:45
parede_revestimento||Parede básica - int - CERÂMICO          (TINTA / AZULEJO) (25)|PINTURA ACRÍLICA IMPERMEÁVEL,parede_revestimento,Acabamentos,Parede básica - int - CERÂMICO          (TINTA / AZULEJO) (25) | PINTURA ACRÍLICA IMPERMEÁVEL,,M2,104642.0,"PINTURA LÁTEX ACRÍLICA STANDARD, APLICAÇÃO MANUAL EM PAREDES, DUAS DEMÃOS. AF_04/2023",Pintura Interna,M2,M2,1.0,59,medium,rule+fuzzy,False,104642:59;95305:58;88489:57;104641:56;88488:55
parede_revestimento||Parede básica - int - CERÂMICO          (TINTA / AZULEJO) (45)|PINTURA ACRÍLICA IMPERMEÁVEL,parede_revestimento,Acabamentos,Parede básica - int - CERÂMICO          (TINTA / AZULEJO) (45) | PINTURA ACRÍLICA IMPERMEÁVEL,,M2,104642.0,"PINTURA LÁTEX ACRÍLICA STANDARD, APLICAÇÃO MANUAL EM PAREDES, DUAS DEMÃOS. AF_04/2023",Pintura Interna,M2,M2,1.0,59,medium,rule+fuzzy,False,104642:59;95305:58;88489:57;104641:56;88488:55
parede_revestimento||Parede básica - int - CERÂMICO          (TINTA / TINTA) (15)|EMBOÇO,parede_revestimento,Acabamentos,Parede básica - int - CERÂMICO          (TINTA / TINTA) (15) | EMBOÇO,,M2,104642.0,"PINTURA LÁTEX ACRÍLICA STANDARD, APLICAÇÃO MANUAL EM PAREDES, DUAS DEMÃOS. AF_04/2023",Pintura Interna,M2,M2,1.0,50,high,llm_review,True,95305:50;104641:47;88485:45;88489:45;88495:45
parede_revestimento||Parede básica - int - CERÂMICO          (TINTA / TINTA) (25)|EMBOÇO,parede_revestimento,Acabamentos,Parede básica - int - CERÂMICO          (TINTA / TINTA) (25) | EMBOÇO,,M2,104642.0,"PINTURA LÁTEX ACRÍLICA STANDARD, APLICAÇÃO MANUAL EM PAREDES, DUAS DEMÃOS. AF_04/2023",Pintura Interna,M2,M2,1.0,50,high,llm_review,True,95305:50;104641:47;88485:45;88489:45;88495:45
parede_revestimento||Parede básica - int - CERÂMICO          (TINTA EPÓXI / AZULEJO) (15)|PINTURA EPÓXI,parede_revestimento,Acabamentos,Parede básica - int - CERÂMICO          (TINTA EPÓXI / AZULEJO) (15) | PINTURA EPÓXI,,M2,104642.0,"PINTURA LÁTEX ACRÍLICA STANDARD, APLICAÇÃO MANUAL EM PAREDES, DUAS DEMÃOS. AF_04/2023",Pintura Interna,M2,M2,1.0,51,medium,llm_review,True,104642:51;95305:49;88489:48;104641:48;88485:46
parede_revestimento||Parede básica - int - CERÂMICO          (TINTA EPÓXI / TINTA INTERNA) (15) 2|PINTURA EPÓXI,parede_revestimento,Acabamentos,Parede básica - int - CERÂMICO          (TINTA EPÓXI / TINTA INTERNA) (15) 2 | PINTURA EPÓXI,,M2,104642.0,"PINTURA LÁTEX ACRÍLICA STANDARD, APLICAÇÃO MANUAL EM PAREDES, DUAS DEMÃOS. AF_04/2023",Pintura Interna,M2,M2,1.0,56,medium,rule+fuzzy,False,104642:56;88489:54;95305:53;88488:52;104640:51
parede_revestimento||Parede básica - int - CERÂMICO          (TINTA EPÓXI / TINTA INTERNA) (15)|PINTURA EPÓXI,parede_revestimento,Acabamentos,Parede básica - int - CERÂMICO          (TINTA EPÓXI / TINTA INTERNA) (15) | PINTURA EPÓXI,,M2,104642.0,"PINTURA LÁTEX ACRÍLICA STANDARD, APLICAÇÃO MANUAL EM PAREDES, DUAS DEMÃOS. AF_04/2023",Pintura Interna,M2,M2,1.0,54,medium,llm_review,True,104642:54;88489:51;88488:50;95305:50;104640:49
parede_revestimento||Parede básica - int - CERÂMICO          (TINTA EXTERNA / TINTA EPOXI) (15)|PINTURA ACRÍLICA IMPERMEÁVEL,parede_revestimento,Acabamentos,Parede básica - int - CERÂMICO          (TINTA EXTERNA / TINTA EPOXI) (15) | PINTURA ACRÍLICA IMPERMEÁVEL,,M2,88423.0,"APLICAÇÃO MANUAL DE PINTURA COM TINTA TEXTURIZADA ACRÍLICA EM PAREDES EXTERNAS DE CASAS, UMA COR. AF_03/2024",Pintura Externa,M2,M2,1.0,60,medium,rule+fuzzy,False,88423:60;88431:59;95626:58;88432:57;96130:55
parede_revestimento||Parede básica - int - CERÂMICO          (TINTA EXTERNA / TINTA EXTERNA) (20)|PINTURA ACRÍLICA IMPERMEÁVEL,parede_revestimento,Acabamentos,Parede básica - int - CERÂMICO          (TINTA EXTERNA / TINTA EXTERNA) (20) | PINTURA ACRÍLICA IMPERMEÁVEL,,M2,88423.0,"APLICAÇÃO MANUAL DE PINTURA COM TINTA TEXTURIZADA ACRÍLICA EM PAREDES EXTERNAS DE CASAS, UMA COR. AF_03/2024",Pintura Externa,M2,M2,1.0,60,medium,rule+fuzzy,False,88423:60;88431:59;95626:58;88432:57;96130:54
parede_revestimento||Parede básica - int - CERÂMICO          (TINTA EXTERNA / TINTA EXTERNA) (25)|PINTURA ACRÍLICA IMPERMEÁVEL,parede_revestimento,Acabamentos,Parede básica - int - CERÂMICO          (TINTA EXTERNA / TINTA EXTERNA) (25) | PINTURA ACRÍLICA IMPERMEÁVEL,,M2,88423.0,"APLICAÇÃO MANUAL DE PINTURA COM TINTA TEXTURIZADA ACRÍLICA EM PAREDES EXTERNAS DE CASAS, UMA COR. AF_03/2024",Pintura Externa,M2,M2,1.0,60,medium,rule+fuzzy,False,88423:60;88431:59;95626:58;88432:57;96130:54
parede_revestimento||Parede básica - int - CERÂMICO          (TINTA EXTERNA / TINTA EXTERNA) (45)|PINTURA ACRÍLICA IMPERMEÁVEL,parede_revestimento,Acabamentos,Parede básica - int - CERÂMICO          (TINTA EXTERNA / TINTA EXTERNA) (45) | PINTURA ACRÍLICA IMPERMEÁVEL,,M2,88423.0,"APLICAÇÃO MANUAL DE PINTURA COM TINTA TEXTURIZADA ACRÍLICA EM PAREDES EXTERNAS DE CASAS, UMA COR. AF_03/2024",Pintura Externa,M2,M2,1.0,60,medium,rule+fuzzy,False,88423:60;88431:59;95626:58;88432:57;96130:54
parede_revestimento||Parede básica - int - CERÂMICO          (TINTA EXTERNA / TINTA INTERNA) (15)|PINTURA ACRÍLICA IMPERMEÁVEL,parede_revestimento,Acabamentos,Parede básica - int - CERÂMICO          (TINTA EXTERNA / TINTA INTERNA) (15) | PINTURA ACRÍLICA IMPERMEÁVEL,,M2,88423.0,"APLICAÇÃO MANUAL DE PINTURA COM TINTA TEXTURIZADA ACRÍLICA EM PAREDES EXTERNAS DE CASAS, UMA COR. AF_03/2024",Pintura Externa,M2,M2,1.0,60,medium,rule+fuzzy,False,88423:60;88431:57;88432:56;95626:56;96130:53
parede_revestimento||Parede básica - int - CERÂMICO          (TINTA EXTERNA / TINTA INTERNA) (25)|PINTURA ACRÍLICA IMPERMEÁVEL,parede_revestimento,Acabamentos,Parede básica - int - CERÂMICO          (TINTA EXTERNA / TINTA INTERNA) (25) | PINTURA ACRÍLICA IMPERMEÁVEL,,M2,88423.0,"APLICAÇÃO MANUAL DE PINTURA COM TINTA TEXTURIZADA ACRÍLICA EM PAREDES EXTERNAS DE CASAS, UMA COR. AF_03/2024",Pintura Externa,M2,M2,1.0,60,medium,rule+fuzzy,False,88423:60;88431:57;88432:56;95626:56;96130:53
parede_revestimento||Parede básica - int - CERÂMICO          (TINTA EXTERNA / TINTA INTERNA) (45)|PINTURA ACRÍLICA IMPERMEÁVEL,parede_revestimento,Acabamentos,Parede básica - int - CERÂMICO          (TINTA EXTERNA / TINTA INTERNA) (45) | PINTURA ACRÍLICA IMPERMEÁVEL,,M2,88423.0,"APLICAÇÃO MANUAL DE PINTURA COM TINTA TEXTURIZADA ACRÍLICA EM PAREDES EXTERNAS DE CASAS, UMA COR. AF_03/2024",Pintura Externa,M2,M2,1.0,60,medium,rule+fuzzy,False,88423:60;88431:57;88432:56;95626:56;96130:53
parede_revestimento||Parede básica - int - CERÂMICO          (TINTA EXTERNA/ AZULEJO) (15)|PINTURA ACRÍLICA IMPERMEÁVEL,parede_revestimento,Acabamentos,Parede básica - int - CERÂMICO          (TINTA EXTERNA/ AZULEJO) (15) | PINTURA ACRÍLICA IMPERMEÁVEL,,M2,88423.0,"APLICAÇÃO MANUAL DE PINTURA COM TINTA TEXTURIZADA ACRÍLICA EM PAREDES EXTERNAS DE CASAS, UMA COR. AF_03/2024",Pintura Externa,M2,M2,1.0,60,medium,rule+fuzzy,False,88423:60;88431:59;95626:58;88432:56;96130:54
parede_revestimento||Parede básica - int - CERÂMICO          (TINTA EXTERNA/ TINTA EXTERNA) (15)|PINTURA ACRÍLICA IMPERMEÁVEL,parede_revestimento,Acabamentos,Parede básica - int - CERÂMICO          (TINTA EXTERNA/ TINTA EXTERNA) (15) | PINTURA ACRÍLICA IMPERMEÁVEL,,M2,88423.0,"APLICAÇÃO MANUAL DE PINTURA COM TINTA TEXTURIZADA ACRÍLICA EM PAREDES EXTERNAS DE CASAS, UMA COR. AF_03/2024",Pintura Externa,M2,M2,1.0,60,medium,rule+fuzzy,False,88423:60;88431:59;95626:58;88432:57;96130:54
parede_revestimento||Parede básica - int - CERÂMICO          (TINTA EXTERNO / TINTA EXTERNO) (15) 2|PINTURA ACRÍLICA IMPERMEÁVEL,parede_revestimento,Acabamentos,Parede básica - int - CERÂMICO          (TINTA EXTERNO / TINTA EXTERNO) (15) 2 | PINTURA ACRÍLICA IMPERMEÁVEL,,M2,88423.0,"APLICAÇÃO MANUAL DE PINTURA COM TINTA TEXTURIZADA ACRÍLICA EM PAREDES EXTERNAS DE CASAS, UMA COR. AF_03/2024",Pintura Externa,M2,M2,1.0,60,medium,rule+fuzzy,False,88423:60;88431:59;95626:59;88432:57;96130:55
parede_revestimento||Parede básica - int - CERÂMICO          (TINTA EXTERNO / TINTA EXTERNO) (25)|PINTURA ACRÍLICA IMPERMEÁVEL,parede_revestimento,Acabamentos,Parede básica - int - CERÂMICO          (TINTA EXTERNO / TINTA EXTERNO) (25) | PINTURA ACRÍLICA IMPERMEÁVEL,,M2,88423.0,"APLICAÇÃO MANUAL DE PINTURA COM TINTA TEXTURIZADA ACRÍLICA EM PAREDES EXTERNAS DE CASAS, UMA COR. AF_03/2024",Pintura Externa,M2,M2,1.0,59,medium,rule+fuzzy,False,88423:59;88431:58;95626:57;88432:55;96130:53
parede_revestimento||Parede básica - int - CERÂMICO          (TINTA EXTERNO / TINTA INTERNO) (45)|PINTURA ACRÍLICA IMPERMEÁVEL,parede_revestimento,Acabamentos,Parede básica - int - CERÂMICO          (TINTA EXTERNO / TINTA INTERNO) (45) | PINTURA ACRÍLICA IMPERMEÁVEL,,M2,88423.0,"APLICAÇÃO MANUAL DE PINTURA COM TINTA TEXTURIZADA ACRÍLICA EM PAREDES EXTERNAS DE CASAS, UMA COR. AF_03/2024",Pintura Externa,M2,M2,1.0,57,medium,rule+fuzzy,False,88423:57;88431:56;88432:56;95626:55;88428:52
parede_revestimento||Parede básica - int - CERÂMICO          (TINTA EXTERNO/ TINTA EXTERNO) (20)|PINTURA ACRÍLICA IMPERMEÁVEL,parede_revestimento,Acabamentos,Parede básica - int - CERÂMICO          (TINTA EXTERNO/ TINTA EXTERNO) (20) | PINTURA ACRÍLICA IMPERMEÁVEL,,M2,88423.0,"APLICAÇÃO MANUAL DE PINTURA COM TINTA TEXTURIZADA ACRÍLICA EM PAREDES EXTERNAS DE CASAS, UMA COR. AF_03/2024",Pintura Externa,M2,M2,1.0,59,medium,rule+fuzzy,False,88423:59;88431:58;95626:57;88432:55;96130:53
parede_revestimento||Parede básica - int - CERÂMICO          (TINTA EXTERNO/ TINTA INTERNO) (25)|PINTURA ACRÍLICA IMPERMEÁVEL,parede_revestimento,Acabamentos,Parede básica - int - CERÂMICO          (TINTA EXTERNO/ TINTA INTERNO) (25) | PINTURA ACRÍLICA IMPERMEÁVEL,,M2,88423.0,"APLICAÇÃO MANUAL DE PINTURA COM TINTA TEXTURIZADA ACRÍLICA EM PAREDES EXTERNAS DE CASAS, UMA COR. AF_03/2024",Pintura Externa,M2,M2,1.0,57,medium,rule+fuzzy,False,88423:57;88431:56;88432:56;95626:55;88428:52
parede_revestimento||Parede básica - int - CERÂMICO          (TINTA INTERNA / AZULEJO) (25)|PINTURA ACRÍLICA LAVÁVEL,parede_revestimento,Acabamentos,Parede básica - int - CERÂMICO          (TINTA INTERNA / AZULEJO) (25) | PINTURA ACRÍLICA LAVÁVEL,,M2,104642.0,"PINTURA LÁTEX ACRÍLICA STANDARD, APLICAÇÃO MANUAL EM PAREDES, DUAS DEMÃOS. AF_04/2023",Pintura Interna,M2,M2,1.0,59,medium,rule+fuzzy,False,104642:59;88489:57;95305:56;104641:56;88488:55
parede_revestimento||Parede básica - int - CERÂMICO          (TINTA INTERNA / TINTA INTERNA) (15)|PINTURA ACRÍLICA LAVÁVEL,parede_revestimento,Acabamentos,Parede básica - int - CERÂMICO          (TINTA INTERNA / TINTA INTERNA) (15) | PINTURA ACRÍLICA LAVÁVEL,,M2,104642.0,"PINTURA LÁTEX ACRÍLICA STANDARD, APLICAÇÃO MANUAL EM PAREDES, DUAS DEMÃOS. AF_04/2023",Pintura Interna,M2,M2,1.0,59,medium,rule+fuzzy,False,104642:59;88489:57;95305:57;104641:56;88488:55
parede_revestimento||Parede básica - int - CERÂMICO          (TINTA INTERNA / TINTA INTERNA) (20)|PINTURA ACRÍLICA LAVÁVEL,parede_revestimento,Acabamentos,Parede básica - int - CERÂMICO          (TINTA INTERNA / TINTA INTERNA) (20) | PINTURA ACRÍLICA LAVÁVEL,,M2,104642.0,"PINTURA LÁTEX ACRÍLICA STANDARD, APLICAÇÃO MANUAL EM PAREDES, DUAS DEMÃOS. AF_04/2023",Pintura Interna,M2,M2,1.0,59,medium,rule+fuzzy,False,104642:59;88489:57;95305:57;104641:56;88488:55
parede_revestimento||Parede básica - int - CERÂMICO          (TINTA INTERNA / TINTA INTERNA) (25) 2|PINTURA ACRÍLICA LAVÁVEL,parede_revestimento,Acabamentos,Parede básica - int - CERÂMICO          (TINTA INTERNA / TINTA INTERNA) (25) 2 | PINTURA ACRÍLICA LAVÁVEL,,M2,104642.0,"PINTURA LÁTEX ACRÍLICA STANDARD, APLICAÇÃO MANUAL EM PAREDES, DUAS DEMÃOS. AF_04/2023",Pintura Interna,M2,M2,1.0,61,medium,rule+fuzzy,False,104642:61;88489:59;95305:59;104641:58;88488:57
parede_revestimento||Parede básica - int - CERÂMICO          (TINTA INTERNA / TINTA INTERNA) (30) 2|PINTURA ACRÍLICA LAVÁVEL,parede_revestimento,Acabamentos,Parede básica - int - CERÂMICO          (TINTA INTERNA / TINTA INTERNA) (30) 2 | PINTURA ACRÍLICA LAVÁVEL,,M2,104642.0,"PINTURA LÁTEX ACRÍLICA STANDARD, APLICAÇÃO MANUAL EM PAREDES, DUAS DEMÃOS. AF_04/2023",Pintura Interna,M2,M2,1.0,61,medium,rule+fuzzy,False,104642:61;88489:59;95305:59;104641:58;88488:57
parede_revestimento||Parede básica - int - CERÂMICO          (TINTA INTERNA/ AZULEJO) (15)|PINTURA ACRÍLICA LAVÁVEL,parede_revestimento,Acabamentos,Parede básica - int - CERÂMICO          (TINTA INTERNA/ AZULEJO) (15) | PINTURA ACRÍLICA LAVÁVEL,,M2,104642.0,"PINTURA LÁTEX ACRÍLICA STANDARD, APLICAÇÃO MANUAL EM PAREDES, DUAS DEMÃOS. AF_04/2023",Pintura Interna,M2,M2,1.0,59,medium,rule+fuzzy,False,104642:59;88489:57;95305:56;104641:56;88488:55
parede_revestimento||Parede básica - int - CERÂMICO          (TINTA RENOMEAR / TINTA RENOMEAR) (30)|PINTURA ACRÍLICA IMPERMEÁVEL,parede_revestimento,Acabamentos,Parede básica - int - CERÂMICO          (TINTA RENOMEAR / TINTA RENOMEAR) (30) | PINTURA ACRÍLICA IMPERMEÁVEL,,M2,88489.0,"PINTURA LÁTEX ACRÍLICA PREMIUM, APLICAÇÃO MANUAL EM PAREDES, DUAS DEMÃOS. AF_04/2023",Pintura Interna,M2,M2,1.0,58,medium,rule+fuzzy,False,88489:58;88485:57;95305:56;104642:56;88488:54
parede_revestimento||Parede empilhada - int - CERÂMICO          (ATÉ 300 DE ALTURA) (AZULEJO/ AZULEJO) (15) - int - CERÂMICO          (AZULEJO / (TINTA INTERNA) (15) 2|,parede_revestimento,Acabamentos,Parede empilhada - int - CERÂMICO          (ATÉ 300 DE ALTURA) (AZULEJO/ AZULEJO) (15) - int - CERÂMICO          (AZULEJO / (TINTA INTERNA) (15) 2,,M2,104642.0,"PINTURA LÁTEX ACRÍLICA STANDARD, APLICAÇÃO MANUAL EM PAREDES, DUAS DEMÃOS. AF_04/2023",Pintura Interna,M2,M2,1.0,54,high,llm_review,True,95305:54;104641:53;88489:52;104642:52;88488:51
parede_revestimento||Parede empilhada - int - CERÂMICO          (ATÉ 300 DE ALTURA) (TINTA EPÓXI / AZULEJO) (15) - int - CERÂMICO          (TINTA EPÓXI / TINTA INTERNA) (15)|,parede_revestimento,Acabamentos,Parede empilhada - int - CERÂMICO          (ATÉ 300 DE ALTURA) (TINTA EPÓXI / AZULEJO) (15) - int - CERÂMICO          (TINTA EPÓXI / TINTA INTERNA) (15),,M2,104641.0,"PINTURA LÁTEX ACRÍLICA ECONÔMICA, APLICAÇÃO MANUAL EM PAREDES, DUAS DEMÃOS. AF_04/2023",Pintura Interna,M2,M2,1.0,55,medium,rule+fuzzy,False,104641:55;95305:54;88488:52;88489:52;104642:52
parede_revestimento||Parede empilhada - int - CERÂMICO          (ATÉ 300 DE ALTURA) (TINTA INTERNA / AZULEJO) (15) - int - CERÂMICO          (TINTA EXTERNA / (TINTA INTERNA) (15)|,parede_revestimento,Acabamentos,Parede empilhada - int - CERÂMICO          (ATÉ 300 DE ALTURA) (TINTA INTERNA / AZULEJO) (15) - int - CERÂMICO          (TINTA EXTERNA / (TINTA INTERNA) (15),,M2,95626.0,"APLICAÇÃO MANUAL DE TINTA LÁTEX ACRÍLICA EM PAREDE EXTERNAS DE CASAS, DUAS DEMÃOS. AF_03/2024",Pintura Externa,M2,M2,1.0,60,medium,rule+fuzzy,False,95626:60;96130:55;88423:54;88415:53;88431:53
parede_revestimento||Parede empilhada - int - CERÂMICO          (ATÉ 300 DE ALTURA) (TINTA INTERNA / AZULEJO) (15) - int - CERÂMICO          (TINTA INTERNA / (TINTA INTERNA) (15)|,parede_revestimento,Acabamentos,Parede empilhada - int - CERÂMICO          (ATÉ 300 DE ALTURA) (TINTA INTERNA / AZULEJO) (15) - int - CERÂMICO          (TINTA INTERNA / (TINTA INTERNA) (15),,M2,95305.0,"TEXTURA ACRÍLICA, APLICAÇÃO MANUAL EM PAREDE, UMA DEMÃO. AF_04/2023",Pintura Interna,M2,M2,1.0,55,medium,rule+fuzzy,False,95305:55;88489:53;104641:53;104642:52;88488:51
parede_revestimento||Parede empilhada - int - CERÂMICO          (ATÉ 300 DE ALTURA) (TINTA INTERNA/ TINTA INTERNA) (25) - int - CERÂMICO          (AZULEJO / (TINTA INTERNA) (25)|,parede_revestimento,Acabamentos,Parede empilhada - int - CERÂMICO          (ATÉ 300 DE ALTURA) (TINTA INTERNA/ TINTA INTERNA) (25) - int - CERÂMICO          (AZULEJO / (TINTA INTERNA) (25),,M2,95305.0,"TEXTURA ACRÍLICA, APLICAÇÃO MANUAL EM PAREDE, UMA DEMÃO. AF_04/2023",Pintura Interna,M2,M2,1.0,55,medium,rule+fuzzy,False,95305:55;88489:53;104641:53;104642:52;88488:51
"piso_interno||Piso - Cerâmica antiderrapante, PEI IV|ceramica 40x40",piso_interno,Acabamentos,"Piso - Cerâmica antiderrapante, PEI IV | ceramica 40x40",,M2,87249.0,REVESTIMENTO CERÂMICO PARA PISO COM PLACAS TIPO ESMALTADA DE DIMENSÕES 45X45 CM APLICADA EM AMBIENTES DE ÁREA MENOR QUE 5 M2. AF_02/2023_PE,Revestimentos Cerâmicos Internos,M2,M2,1.0,43,high,llm_review,True,98671:43;98672:43;101737:40;101734:38;106792:38
piso_interno||Piso - int - BANCADA EM GRANITO MODELO MÁRMORE TRAVERTINO (3)|BANCADA EM GRANITO MODELO MÁRMORE TRAVERTINO POLIDO,piso_interno,Acabamentos,Piso - int - BANCADA EM GRANITO MODELO MÁRMORE TRAVERTINO (3) | BANCADA EM GRANITO MODELO MÁRMORE TRAVERTINO POLIDO,,M2,,,Pisos,M2,M2,1.0,61,gap,llm_review,True,98672:61;98671:59;106791:51;101731:47;87261:45
piso_interno||Piso - int - CARPETE AZUL (5)|PISO EM CARPETE AZUL ESCURO,piso_interno,Acabamentos,Piso - int - CARPETE AZUL (5) | PISO EM CARPETE AZUL ESCURO,,M2,98671.0,PISO EM GRANITO APLICADO EM AMBIENTES INTERNOS. AF_02/2026,Pisos,M2,M2,1.0,51,low,rule+fuzzy,False,98671:51;98672:49;106791:43;101729:40;101751:40
piso_interno||Piso - int - LAMINADO EM CEREZO CARMEL (5)|VINIL BRANCO,piso_interno,Acabamentos,Piso - int - LAMINADO EM CEREZO CARMEL (5) | VINIL BRANCO,,M2,98671.0,PISO EM GRANITO APLICADO EM AMBIENTES INTERNOS. AF_02/2026,Pisos,M2,M2,1.0,47,low,rule+fuzzy,False,98671:47;98672:47;101727:45;106790:45;101725:42
"piso_interno||Piso - int - Porcelanato polido, PEI ≥ IV, retificado 90x90|PISO EM PORCELLANATO BRANCO 90 X 90",piso_interno,Acabamentos,"Piso - int - Porcelanato polido, PEI ≥ IV, retificado 90x90 | PISO EM PORCELLANATO BRANCO 90 X 90",,M2,87261.0,REVESTIMENTO CERÂMICO PARA PISO COM PLACAS TIPO PORCELANATO DE DIMENSÕES 60X60 CM APLICADA EM AMBIENTES DE ÁREA MENOR QUE 5 M². AF_02/2023_PE,Revestimentos Cerâmicos Internos,M2,M2,1.0,50,high,llm_review,True,98671:50;87261:48;87262:48;87263:48;104596:48
piso_interno||Piso - int - PORCELLANATO BRANCO 90 X 90 (4)|PISO EM PORCELLANATO BRANCO 90 X 90,piso_interno,Acabamentos,Piso - int - PORCELLANATO BRANCO 90 X 90 (4) | PISO EM PORCELLANATO BRANCO 90 X 90,,M2,87261.0,REVESTIMENTO CERÂMICO PARA PISO COM PLACAS TIPO PORCELANATO DE DIMENSÕES 60X60 CM APLICADA EM AMBIENTES DE ÁREA MENOR QUE 5 M². AF_02/2023_PE,Revestimentos Cerâmicos Internos,M2,M2,1.0,49,high,llm_review,True,98671:49;98672:47;101748:45;101731:41;106792:41
piso_interno||Piso - int - PORCELLANATO BRANCO 90 X 90 (5)|PISO EM PORCELLANATO BRANCO 90 X 90,piso_interno,Acabamentos,Piso - int - PORCELLANATO BRANCO 90 X 90 (5) | PISO EM PORCELLANATO BRANCO 90 X 90,,M2,87261.0,REVESTIMENTO CERÂMICO PARA PISO COM PLACAS TIPO PORCELANATO DE DIMENSÕES 60X60 CM APLICADA EM AMBIENTES DE ÁREA MENOR QUE 5 M². AF_02/2023_PE,Revestimentos Cerâmicos Internos,M2,M2,1.0,49,high,llm_review,True,98671:49;98672:47;101748:45;101731:41;106792:41
piso_interno||Piso - int - SOLEIRA EM GRANITO BRANCO SIENA (5)|PISO EM GRANITO BRANCO SIENA,piso_interno,Acabamentos,Piso - int - SOLEIRA EM GRANITO BRANCO SIENA (5) | PISO EM GRANITO BRANCO SIENA,,M2,98671.0,PISO EM GRANITO APLICADO EM AMBIENTES INTERNOS. AF_02/2026,Pisos,M2,M2,1.0,57,medium,rule+fuzzy,False,98671:57;98672:48;101731:45;101732:45;101748:45
piso_interno||Piso - Porcelanato esmaltado acetinado|PISO EM PORCELLANATO BRANCO 90 X 90,piso_interno,Acabamentos,Piso - Porcelanato esmaltado acetinado | PISO EM PORCELLANATO BRANCO 90 X 90,,M2,87261.0,REVESTIMENTO CERÂMICO PARA PISO COM PLACAS TIPO PORCELANATO DE DIMENSÕES 60X60 CM APLICADA EM AMBIENTES DE ÁREA MENOR QUE 5 M². AF_02/2023_PE,Revestimentos Cerâmicos Internos,M2,M2,1.0,51,high,llm_review,True,98671:51;101731:49;87261:48;87262:48;87263:48
"contrapiso||Piso - Cerâmica antiderrapante, PEI IV|CONTRAPISO",contrapiso,Acabamentos,"Piso - Cerâmica antiderrapante, PEI IV | CONTRAPISO",,M2,88476.0,"CONTRAPISO COM ARGAMASSA AUTONIVELANTE, APLICADO SOBRE LAJE, ADERIDO, ESPESSURA 2CM. AF_07/2021",Contrapiso,M2,M2,1.0,46,low,rule+fuzzy,False,88476:46;88477:46;88478:46;88470:44;88471:44
"contrapiso||Piso - ext - EPOXI CINZA (0,2)|CONTRAPISO",contrapiso,Acabamentos,"Piso - ext - EPOXI CINZA (0,2) | CONTRAPISO",,M2,102803.0,REFORÇO SUPERFICIAL PARA CONTRAPISOS DE ARGAMASSA SEMI-SECA. AF_07/2021,Contrapiso,M2,M2,1.0,47,low,rule+fuzzy,False,102803:47;87620:44;87622:44;87623:44;87624:44
contrapiso||Piso - ext - PASTILHA AZUL MARINHO 5 X 5  (5)|CONTRAPISO,contrapiso,Acabamentos,Piso - ext - PASTILHA AZUL MARINHO 5 X 5  (5) | CONTRAPISO,,M2,88476.0,"CONTRAPISO COM ARGAMASSA AUTONIVELANTE, APLICADO SOBRE LAJE, ADERIDO, ESPESSURA 2CM. AF_07/2021",Contrapiso,M2,M2,1.0,45,low,rule+fuzzy,False,88476:45;88477:45;88478:45;102803:45;88470:44
contrapiso||Piso - ext - SOLARIUM CLASSIC TRAVERTINO (4)|CONTRAPISO,contrapiso,Acabamentos,Piso - ext - SOLARIUM CLASSIC TRAVERTINO (4) | CONTRAPISO,,M2,102803.0,REFORÇO SUPERFICIAL PARA CONTRAPISOS DE ARGAMASSA SEMI-SECA. AF_07/2021,Contrapiso,M2,M2,1.0,46,low,rule+fuzzy,False,102803:46;88470:43;88471:43;88472:43;88476:43
contrapiso||Piso - int - CARPETE AZUL (5)|CONTRAPISO,contrapiso,Acabamentos,Piso - int - CARPETE AZUL (5) | CONTRAPISO,,M2,87620.0,"CONTRAPISO EM ARGAMASSA TRAÇO 1:4 (CIMENTO E AREIA), PREPARO MECÂNICO COM BETONEIRA 400 L, APLICADO EM ÁREAS SECAS SOBRE LAJE, ADERIDO, ACABAMENTO NÃO REFORÇADO, ESPESSURA 2CM. AF_07/2021",Contrapiso,M2,M2,1.0,47,low,rule+fuzzy,False,87620:47;87622:47;87623:47;87624:47;87630:47
contrapiso||Piso - int - LAMINADO EM CEREZO CARMEL (5)|CONTRAPISO,contrapiso,Acabamentos,Piso - int - LAMINADO EM CEREZO CARMEL (5) | CONTRAPISO,,M2,88470.0,"CONTRAPISO COM ARGAMASSA AUTONIVELANTE, APLICADO SOBRE LAJE, NÃO ADERIDO, ESPESSURA 3CM. AF_07/2021",Contrapiso,M2,M2,1.0,45,low,rule+fuzzy,False,88470:45;88471:45;88472:45;87620:44;87622:44
"contrapiso||Piso - int - Porcelanato polido, PEI ≥ IV, retificado 90x90|CONTRAPISO",contrapiso,Acabamentos,"Piso - int - Porcelanato polido, PEI ≥ IV, retificado 90x90 | CONTRAPISO",,M2,88470.0,"CONTRAPISO COM ARGAMASSA AUTONIVELANTE, APLICADO SOBRE LAJE, NÃO ADERIDO, ESPESSURA 3CM. AF_07/2021",Contrapiso,M2,M2,1.0,46,low,rule+fuzzy,False,88470:46;88471:46;88472:46;88476:46;88477:46
contrapiso||Piso - int - PORCELLANATO BRANCO 90 X 90 (4)|CONTRAPISO,contrapiso,Acabamentos,Piso - int - PORCELLANATO BRANCO 90 X 90 (4) | CONTRAPISO,,M2,88470.0,"CONTRAPISO COM ARGAMASSA AUTONIVELANTE, APLICADO SOBRE LAJE, NÃO ADERIDO, ESPESSURA 3CM. AF_07/2021",Contrapiso,M2,M2,1.0,43,low,rule+fuzzy,False,88470:43;88471:43;88472:43;102803:42;88476:41
contrapiso||Piso - int - PORCELLANATO BRANCO 90 X 90 (5)|CONTRAPISO,contrapiso,Acabamentos,Piso - int - PORCELLANATO BRANCO 90 X 90 (5) | CONTRAPISO,,M2,88470.0,"CONTRAPISO COM ARGAMASSA AUTONIVELANTE, APLICADO SOBRE LAJE, NÃO ADERIDO, ESPESSURA 3CM. AF_07/2021",Contrapiso,M2,M2,1.0,43,low,rule+fuzzy,False,88470:43;88471:43;88472:43;102803:42;88476:41
contrapiso||Piso - int - SOLEIRA EM GRANITO BRANCO SIENA (5)|CONTRAPISO,contrapiso,Acabamentos,Piso - int - SOLEIRA EM GRANITO BRANCO SIENA (5) | CONTRAPISO,,M2,102803.0,REFORÇO SUPERFICIAL PARA CONTRAPISOS DE ARGAMASSA SEMI-SECA. AF_07/2021,Contrapiso,M2,M2,1.0,49,low,rule+fuzzy,False,102803:49;88470:47;88471:47;88472:47;88476:47
contrapiso||Piso - Porcelanato esmaltado acetinado|CONTRAPISO,contrapiso,Acabamentos,Piso - Porcelanato esmaltado acetinado | CONTRAPISO,,M2,88470.0,"CONTRAPISO COM ARGAMASSA AUTONIVELANTE, APLICADO SOBRE LAJE, NÃO ADERIDO, ESPESSURA 3CM. AF_07/2021",Contrapiso,M2,M2,1.0,46,low,rule+fuzzy,False,88470:46;88471:46;88472:46;88476:46;88477:46
"laje_interna||Piso - Cerâmica antiderrapante, PEI IV|CONCRETO PRÉ-MOLDADO",laje_interna,Estrutura,"Piso - Cerâmica antiderrapante, PEI IV | CONCRETO PRÉ-MOLDADO",,M2,101947.0,"LAJE PRÉ-MOLDADA UNIDIRECIONAL, BIAPOIADA, PARA PISO, ENCHIMENTO EM CERÂMICA, VIGOTA TRELIÇADA, ALTURA TOTAL DA LAJE ""LT"" = 12 CM (ENCHIMENTO+CAPA) = (8+4). AF_08/2025",Lajes Pré-Moldadas,M2,M2,1.0,51,medium,rule+thickness,False,101947:51;101948:51;101963:51;106048:51;106049:51
"laje_interna||Piso - ext - EPOXI CINZA (0,2)|CONTRAPISO",laje_interna,Estrutura,"Piso - ext - EPOXI CINZA (0,2) | CONTRAPISO",,M2,106067.0,"LAJE PRÉ-MOLDADA UNIDIRECIONAL, BIAPOIADA TIPO LAJE PAINEL TRELIÇADO MACIÇO (SEM ENCHIMENTO), PARA PISO, ALTURA TOTAL DA LAJE ""LT"" = 12 CM (PAINEL+CAPA) = (3+9). AF_08/2025",Lajes Pré-Moldadas,M2,M2,1.0,31,medium,rule+thickness,False,106067:31;101947:30;101948:30;101951:30;101952:30
laje_interna||Piso - PISO_ENTORNO_CALÇADA|CONCRETO IN LOCO,laje_interna,Estrutura,Piso - PISO_ENTORNO_CALÇADA | CONCRETO IN LOCO,,M2,106069.0,"LAJE PRÉ-MOLDADA UNIDIRECIONAL, BIAPOIADA TIPO LAJE PAINEL TRELIÇADO NERVURADO (COM ENCHIMENTO EM EPS), PARA PISO, ALTURA TOTAL DA LAJE ""LT"" = 16 CM (PAINEL+ENCHIMENTO+CAPA) = (3+9+4). AF_08/2025",Lajes Pré-Moldadas,M2,M2,1.0,34,medium,rule+thickness,False,106069:34;101952:33;101953:33;106070:33;101948:32
laje_interna||Piso - PISO_LOTE_CALÇADA|CONCRETO IN LOCO,laje_interna,Estrutura,Piso - PISO_LOTE_CALÇADA | CONCRETO IN LOCO,,M2,101952.0,"LAJE PRÉ-MOLDADA UNIDIRECIONAL, BIAPOIADA, PARA PISO, ENCHIMENTO EM EPS, VIGOTA TRELIÇADA, ALTURA TOTAL DA LAJE ""LT"" = 16 CM (ENCHIMENTO+CAPA) = (12+4). AF_08/2025",Lajes Pré-Moldadas,M2,M2,1.0,31,medium,rule+thickness,False,101952:31;101953:31;106070:31;101948:30;101949:30
laje_interna||Piso - Porcelanato esmaltado acetinado|CONCRETO PRÉ-MOLDADO,laje_interna,Estrutura,Piso - Porcelanato esmaltado acetinado | CONCRETO PRÉ-MOLDADO,,M2,101951.0,"LAJE PRÉ-MOLDADA UNIDIRECIONAL, BIAPOIADA, PARA PISO, ENCHIMENTO EM EPS, VIGOTA TRELIÇADA, ALTURA TOTAL DA LAJE ""LT"" = 12 CM (ENCHIMENTO+CAPA) = (8+4). AF_08/2025",Lajes Pré-Moldadas,M2,M2,1.0,47,medium,rule+thickness,False,101951:47;101952:46;101947:43;101948:43;106067:43
laje_interna||Piso - str - CONCRETO (15)|CONCRETO IN LOCO,laje_interna,Estrutura,Piso - str - CONCRETO (15) | CONCRETO IN LOCO,,M2,101948.0,"LAJE PRÉ-MOLDADA UNIDIRECIONAL, BIAPOIADA, PARA PISO, ENCHIMENTO EM CERÂMICA, VIGOTA TRELIÇADA, ALTURA TOTAL DA LAJE ""LT"" = 16 CM (ENCHIMENTO+CAPA) = (12+4). AF_08/2025",Lajes Pré-Moldadas,M2,M2,1.0,27,medium,rule+thickness,False,101948:27;101949:27;101952:27;101953:27;101960:27
laje_interna||Piso - str - CONCRETO (20)|CONCRETO IN LOCO,laje_interna,Estrutura,Piso - str - CONCRETO (20) | CONCRETO IN LOCO,,M2,97083.0,"COMPACTAÇÃO MECÂNICA DE SOLO PARA EXECUÇÃO DE RADIER, PISO DE CONCRETO OU LAJE SOBRE SOLO, COM COMPACTADOR DE SOLOS A PERCUSSÃO. AF_09/2021","Radier, Piso de Concreto e Laje sobre Solo",M2,M2,1.0,68,high,rule+thickness,False,97083:68;97084:68;97086:68;97087:68;97097:68
"forro||Forro composto - FORRO DE GESSO (ST)|PLACAS DE GESSO ACARTONADO TIPO ST (E = 12,5 mm)",forro,Acabamentos,"Forro composto - FORRO DE GESSO (ST) | PLACAS DE GESSO ACARTONADO TIPO ST (E = 12,5 mm)",,M2,96109.0,"FORRO EM PLACAS DE GESSO, PARA AMBIENTES RESIDENCIAIS. AF_08/2023_PS",Forros,M2,M2,1.0,60,medium,rule+fuzzy,False,96109:60;96113:60;99054:56;87418:45;87421:45
forro||Forro composto - FORRO DE GESSO LISO|PINTURA PVA,forro,Acabamentos,Forro composto - FORRO DE GESSO LISO | PINTURA PVA,,M2,96113.0,"FORRO EM PLACAS DE GESSO, PARA AMBIENTES COMERCIAIS. AF_08/2023_PS",Forros,M2,M2,1.0,54,high,llm_review,True,99054:54;96109:51;96113:51;96485:49;96486:49
"forro||Forro composto - FORRO MINERAL - PLACAS 62,5 x 62,5cm (AMBIENTE MOLHADO)|FORRO MINERAL",forro,Acabamentos,"Forro composto - FORRO MINERAL - PLACAS 62,5 x 62,5cm (AMBIENTE MOLHADO) | FORRO MINERAL",,M2,96113.0,"FORRO EM PLACAS DE GESSO, PARA AMBIENTES COMERCIAIS. AF_08/2023_PS",Forros,M2,M2,1.0,59,medium,rule+fuzzy,False,96113:59;96109:55;104757:53;99054:51;96114:47
"forro||Forro composto - FORRO MINERAL - PLACAS 62,5 x 62,5cm (AMBIENTE SECO)|FORRO MINERAL",forro,Acabamentos,"Forro composto - FORRO MINERAL - PLACAS 62,5 x 62,5cm (AMBIENTE SECO) | FORRO MINERAL",,M2,96113.0,"FORRO EM PLACAS DE GESSO, PARA AMBIENTES COMERCIAIS. AF_08/2023_PS",Forros,M2,M2,1.0,63,medium,rule+fuzzy,False,96113:63;96109:60;99054:54;104757:53;96110:48
forro||Forro composto - LAJE (15)|CONCRETO PRÉ-MOLDADO,forro,Acabamentos,Forro composto - LAJE (15) | CONCRETO PRÉ-MOLDADO,,M2,,,Forros,M2,M2,1.0,42,gap,llm_review,True,99054:42;96113:40;96109:37;96486:36;104757:36
cobertura||Telhado básico - TELHA METÁLICA TRAPEZOIDAL TERMO ACÚSTICA|TELHA METÁLICA TRAPEZOIDAL TERMO ACÚSTICA,cobertura,Cobertura,Telhado básico - TELHA METÁLICA TRAPEZOIDAL TERMO ACÚSTICA | TELHA METÁLICA TRAPEZOIDAL TERMO ACÚSTICA,,M2,94216.0,"TELHAMENTO COM TELHA METÁLICA TERMOACÚSTICA E = 30 MM, COM ATÉ 2 ÁGUAS, INCLUSO IÇAMENTO. AF_07/2019",Telhamento para Cobertura,M2,M2,1.0,60,medium,rule+fuzzy,False,94216:60;94442:51;94443:51;94192:50;94195:50
drenagem|Calha|CALHA|ZINCO,drenagem,Cobertura,Calha | CALHA | ZINCO,gutter,M,94227.0,"CALHA EM CHAPA DE AÇO GALVANIZADO NÚMERO 24, DESENVOLVIMENTO DE 33 CM, INCLUSO TRANSPORTE VERTICAL. AF_07/2019",Telhamento para Cobertura,M,M,1.0,62,high,llm_review,True,94227:62;94228:62;94229:62;100434:62;94224:20
porta||PORTA DE ABRIR - 1 FOLHA - 100 x 210|,porta,Esquadrias,PORTA DE ABRIR - 1 FOLHA - 100 x 210,,UN,90788.0,"KIT DE PORTA-PRONTA DE MADEIRA EM ACABAMENTO MELAMÍNICO BRANCO, FOLHA LEVE OU MÉDIA, 60X210CM, EXCLUSIVE FECHADURA, FIXAÇÃO COM PREENCHIMENTO PARCIAL DE ESPUMA EXPANSIVA - FORNECIMENTO E INSTALAÇÃO. AF_10/2025",Esquadrias - Portas,UN,UN,1.0,77,high,rule+fuzzy,False,90788:77;90789:77;90790:77;90791:77;90793:77
porta||PORTA DE ABRIR - 1 FOLHA - 70 x 210|,porta,Esquadrias,PORTA DE ABRIR - 1 FOLHA - 70 x 210,,UN,90789.0,"KIT DE PORTA-PRONTA DE MADEIRA EM ACABAMENTO MELAMÍNICO BRANCO, FOLHA LEVE OU MÉDIA, 70X210CM, EXCLUSIVE FECHADURA, FIXAÇÃO COM PREENCHIMENTO PARCIAL DE ESPUMA EXPANSIVA - FORNECIMENTO E INSTALAÇÃO. AF_10/2025",Esquadrias - Portas,UN,UN,1.0,77,high,rule+dim,False,90789:77;106142:77;90821:53;90842:53;90848:53
porta||PORTA DE ABRIR - 1 FOLHA - 80 x 210|,porta,Esquadrias,PORTA DE ABRIR - 1 FOLHA - 80 x 210,,UN,90790.0,"KIT DE PORTA-PRONTA DE MADEIRA EM ACABAMENTO MELAMÍNICO BRANCO, FOLHA LEVE OU MÉDIA, 80X210CM, EXCLUSIVE FECHADURA, FIXAÇÃO COM PREENCHIMENTO PARCIAL DE ESPUMA EXPANSIVA - FORNECIMENTO E INSTALAÇÃO. AF_10/2025",Esquadrias - Portas,UN,UN,1.0,77,high,rule+dim,False,90790:77;90791:77;90796:77;90798:77;106143:77
porta||PORTA DE ABRIR - 1 FOLHA - 90 x 210|,porta,Esquadrias,PORTA DE ABRIR - 1 FOLHA - 90 x 210,,UN,90793.0,"KIT DE PORTA-PRONTA DE MADEIRA EM ACABAMENTO MELAMÍNICO BRANCO, FOLHA PESADA OU SUPERPESADA, 90X210CM, FIXAÇÃO COM PREENCHIMENTO TOTAL DE ESPUMA EXPANSIVA - FORNECIMENTO E INSTALAÇÃO. AF_10/2025",Esquadrias - Portas,UN,UN,1.0,77,high,rule+dim,False,90793:77;90797:77;90799:77;94806:77;94807:77
porta||PORTA DE ABRIR PARA DIVISÓRIAS- 1 FOLHA - 60 x 210|,porta,Esquadrias,PORTA DE ABRIR PARA DIVISÓRIAS- 1 FOLHA - 60 x 210,,UN,90788.0,"KIT DE PORTA-PRONTA DE MADEIRA EM ACABAMENTO MELAMÍNICO BRANCO, FOLHA LEVE OU MÉDIA, 60X210CM, EXCLUSIVE FECHADURA, FIXAÇÃO COM PREENCHIMENTO PARCIAL DE ESPUMA EXPANSIVA - FORNECIMENTO E INSTALAÇÃO. AF_10/2025",Esquadrias - Portas,UN,UN,1.0,53,medium,rule+dim,False,90788:53;90794:53;90820:50;90841:50;90847:50
porta||PORTA DE ABRIR PARA DIVISÓRIAS- 1 FOLHA - 90 x 210|,porta,Esquadrias,PORTA DE ABRIR PARA DIVISÓRIAS- 1 FOLHA - 90 x 210,,UN,94806.0,"PORTA EM AÇO DE ABRIR PARA VIDRO SEM GUARNIÇÃO, 90X210CM, FIXAÇÃO COM PARAFUSOS, EXCLUSIVE VIDROS - FORNECIMENTO E INSTALAÇÃO. AF_10/2025",Esquadrias - Portas,UN,UN,1.0,66,high,rule+dim,False,94806:66;90793:53;90797:53;90799:53;94807:53
porta||PORTA DE CORRER EM TRILHO LATERAL - 1 FOLHA - 110 x 210|,porta,Esquadrias,PORTA DE CORRER EM TRILHO LATERAL - 1 FOLHA - 110 x 210,,UN,90788.0,"KIT DE PORTA-PRONTA DE MADEIRA EM ACABAMENTO MELAMÍNICO BRANCO, FOLHA LEVE OU MÉDIA, 60X210CM, EXCLUSIVE FECHADURA, FIXAÇÃO COM PREENCHIMENTO PARCIAL DE ESPUMA EXPANSIVA - FORNECIMENTO E INSTALAÇÃO. AF_10/2025",Esquadrias - Portas,UN,UN,1.0,58,medium,rule+fuzzy,False,90788:58;90789:58;90790:58;90791:58;90793:58
porta||PORTA DE CORRER EM TRILHO LATERAL - 1 FOLHA - 90 x 210|,porta,Esquadrias,PORTA DE CORRER EM TRILHO LATERAL - 1 FOLHA - 90 x 210,,UN,90793.0,"KIT DE PORTA-PRONTA DE MADEIRA EM ACABAMENTO MELAMÍNICO BRANCO, FOLHA PESADA OU SUPERPESADA, 90X210CM, FIXAÇÃO COM PREENCHIMENTO TOTAL DE ESPUMA EXPANSIVA - FORNECIMENTO E INSTALAÇÃO. AF_10/2025",Esquadrias - Portas,UN,UN,1.0,58,high,rule+dim,False,90793:58;90797:58;90799:58;100675:58;106146:44
porta||PORTA DE VIDRO COM ESQUADRIA DE CORRER - 2 FOLHAS - 150 X 210|,porta,Esquadrias,PORTA DE VIDRO COM ESQUADRIA DE CORRER - 2 FOLHAS - 150 X 210,,UN,,,Esquadrias - Portas,UN,UN,1.0,58,gap,llm_review,True,94805:58;94806:58;100703:58;106145:58;106146:58
porta||PORTA DE VIDRO COM ESQUADRIA DE CORRER - 2 FOLHAS - 200 X 210|,porta,Esquadrias,PORTA DE VIDRO COM ESQUADRIA DE CORRER - 2 FOLHAS - 200 X 210,,UN,,,Esquadrias - Portas,UN,UN,1.0,58,gap,llm_review,True,94805:58;94806:58;100703:58;106145:58;106146:58
porta||PORTA DE VIDRO COM ESQUADRIA DE CORRER - 2 FOLHAS - 220 X 210|,porta,Esquadrias,PORTA DE VIDRO COM ESQUADRIA DE CORRER - 2 FOLHAS - 220 X 210,,UN,,,Esquadrias - Portas,UN,UN,1.0,58,gap,llm_review,True,94805:58;94806:58;100703:58;106145:58;106146:58
porta||PORTA DE VIDRO COM ESQUADRIA DE CORRER - 3 FOLHAS - 200 X 220|,porta,Esquadrias,PORTA DE VIDRO COM ESQUADRIA DE CORRER - 3 FOLHAS - 200 X 220,,UN,,,Esquadrias - Portas,UN,UN,1.0,58,gap,llm_review,True,94805:58;94806:58;106145:58;106146:58;100703:56
porta||PORTA DE VIDRO COM ESQUADRIA DE CORRER - 4 FOLHAS - 280 x 210|,porta,Esquadrias,PORTA DE VIDRO COM ESQUADRIA DE CORRER - 4 FOLHAS - 280 x 210,,UN,,,Esquadrias - Portas,UN,UN,1.0,58,gap,llm_review,True,94805:58;94806:58;106145:58;106146:58;100703:56
porta||PORTA DE VIDRO COM ESQUADRIA DE CORRER - 4 FOLHAS - 320 x 300|,porta,Esquadrias,PORTA DE VIDRO COM ESQUADRIA DE CORRER - 4 FOLHAS - 320 x 300,,UN,,,Esquadrias - Portas,UN,UN,1.0,58,gap,llm_review,True,94805:58;94806:58;106145:58;106146:58;100703:56
porta||PORTA DE VIDRO COM ESQUADRIA DE CORRER - 4 FOLHAS - 370 x 300|,porta,Esquadrias,PORTA DE VIDRO COM ESQUADRIA DE CORRER - 4 FOLHAS - 370 x 300,,UN,,,Esquadrias - Portas,UN,UN,1.0,58,gap,llm_review,True,94805:58;94806:58;106145:58;106146:58;100703:56
porta||PORTA DE VIDRO COM ESQUADRIA DE CORRER - 4 FOLHAS - 485 x 300|,porta,Esquadrias,PORTA DE VIDRO COM ESQUADRIA DE CORRER - 4 FOLHAS - 485 x 300,,UN,,,Esquadrias - Portas,UN,UN,1.0,58,gap,llm_review,True,94805:58;94806:58;106145:58;106146:58;100703:56
porta||PORTA DE VIDRO COM ESQUADRIA DE CORRER - 4 FOLHAS - 500 x 300|,porta,Esquadrias,PORTA DE VIDRO COM ESQUADRIA DE CORRER - 4 FOLHAS - 500 x 300,,UN,,,Esquadrias - Portas,UN,UN,1.0,58,gap,llm_review,True,94805:58;94806:58;106145:58;106146:58;100703:56
porta||PORTA DE VIDRO DE CORRER - 4 FOLHAS - 250 x 220|,porta,Esquadrias,PORTA DE VIDRO DE CORRER - 4 FOLHAS - 250 x 220,,UN,,,Esquadrias - Portas,UN,UN,1.0,66,gap,llm_review,True,100700:66;94805:63;94806:63;106145:63;106146:63
porta||PORTA DE VIDRO DE CORRER - 4 FOLHAS - 400 x 295|,porta,Esquadrias,PORTA DE VIDRO DE CORRER - 4 FOLHAS - 400 x 295,,UN,,,Esquadrias - Portas,UN,UN,1.0,66,gap,llm_review,True,100700:66;94805:63;94806:63;106145:63;106146:63
porta||PORTA DE VIDRO DE CORRER - 4 FOLHAS - 670|,porta,Esquadrias,PORTA DE VIDRO DE CORRER - 4 FOLHAS - 670,,UN,,,Esquadrias - Portas,UN,UN,1.0,61,gap,llm_review,True,100700:61;94805:58;94806:58;106145:58;106146:58
porta||PORTÃO DE METAL|,porta,Esquadrias,PORTÃO DE METAL,,UN,,,Esquadrias - Portas,UN,UN,1.0,35,gap,llm_review,True,100703:35;100707:35;100708:35;90838:32;100705:32
janela||JANELA COM ESQUADRIA DE CORRER - 2 FOLHAS + PEITORIL FIXO - 1 FOLHA - 104 x 380|,janela,Esquadrias,JANELA COM ESQUADRIA DE CORRER - 2 FOLHAS + PEITORIL FIXO - 1 FOLHA - 104 x 380,,M2,100674.0,"CAIXILHO FIXO DE ALUMÍNIO PARA VIDRO (VIDRO INCLUSO), BATENTE/ REQUADRO DE 4 A 14 CM, SEM GUARNIÇÃO/ ALIZAR, FIXAÇÃO COM PARAFUSOS, VEDAÇÃO COM SILICONE, EXCLUSIVE CONTRAMARCO - FORNECIMENTO E INSTALAÇÃO. AF_11/2024",Esquadrias - Janelas,M2,M2,1.0,35,medium,rule+dim,False,100674:35
janela||JANELA COM ESQUADRIA DE CORRER - 2 FOLHAS - 200x120|,janela,Esquadrias,JANELA COM ESQUADRIA DE CORRER - 2 FOLHAS - 200x120,,M2,94570.0,"JANELA DE ALUMÍNIO DE CORRER COM 2 FOLHAS PARA VIDROS (VIDROS INCLUSOS), BATENTE/ REQUADRO 6 A 14 CM, ACABAMENTO COM ACETATO OU BRILHANTE, FIXAÇÃO COM PARAFUSO, SEM GUARNIÇÃO/ ALIZAR, DIMENSÕES 100X120 CM, VEDAÇÃO COM SILICONE, EXCLUSIVE CONTRAMARCO - FORNECIMENTO E INSTALAÇÃO. AF_11/2024",Esquadrias - Janelas,M2,M2,1.0,85,high,rule+dim,False,94570:85
janela||JANELA COM ESQUADRIA DE CORRER - 2 FOLHAS - 250x120 2|,janela,Esquadrias,JANELA COM ESQUADRIA DE CORRER - 2 FOLHAS - 250x120 2,,M2,94570.0,"JANELA DE ALUMÍNIO DE CORRER COM 2 FOLHAS PARA VIDROS (VIDROS INCLUSOS), BATENTE/ REQUADRO 6 A 14 CM, ACABAMENTO COM ACETATO OU BRILHANTE, FIXAÇÃO COM PARAFUSO, SEM GUARNIÇÃO/ ALIZAR, DIMENSÕES 100X120 CM, VEDAÇÃO COM SILICONE, EXCLUSIVE CONTRAMARCO - FORNECIMENTO E INSTALAÇÃO. AF_11/2024",Esquadrias - Janelas,M2,M2,1.0,85,high,rule+dim,False,94570:85
janela||JANELA COM ESQUADRIA DE CORRER - 4 FOLHAS - 200 x 150|,janela,Esquadrias,JANELA COM ESQUADRIA DE CORRER - 4 FOLHAS - 200 x 150,,M2,94573.0,"JANELA DE ALUMÍNIO DE CORRER COM 4 FOLHAS PARA VIDROS (VIDROS INCLUSOS), COM BANDEIRA, BATENTE/ REQUADRO 6 A 14 CM, ACABAMENTO COM ACETATO OU BRILHANTE, FIXAÇÃO COM PARAFUSO, SEM GUARNIÇÃO/ ALIZAR, DIMENSÕES 150X120 CM, VEDAÇÃO COM SILICONE, EXCLUSIVE CONTRAMARCO - FORNECIMENTO E INSTALAÇÃO. AF_11/2024",Esquadrias - Janelas,M2,M2,1.0,85,high,rule+dim,False,94573:85
janela||JANELA COM ESQUADRIA DE CORRER - 4 FOLHAS - 300 x 120|,janela,Esquadrias,JANELA COM ESQUADRIA DE CORRER - 4 FOLHAS - 300 x 120,,M2,94573.0,"JANELA DE ALUMÍNIO DE CORRER COM 4 FOLHAS PARA VIDROS (VIDROS INCLUSOS), COM BANDEIRA, BATENTE/ REQUADRO 6 A 14 CM, ACABAMENTO COM ACETATO OU BRILHANTE, FIXAÇÃO COM PARAFUSO, SEM GUARNIÇÃO/ ALIZAR, DIMENSÕES 150X120 CM, VEDAÇÃO COM SILICONE, EXCLUSIVE CONTRAMARCO - FORNECIMENTO E INSTALAÇÃO. AF_11/2024",Esquadrias - Janelas,M2,M2,1.0,85,high,rule+dim,False,94573:85
janela||JANELA COM ESQUADRIA DE CORRER - 4 FOLHAS - 320 x 140|,janela,Esquadrias,JANELA COM ESQUADRIA DE CORRER - 4 FOLHAS - 320 x 140,,M2,94573.0,"JANELA DE ALUMÍNIO DE CORRER COM 4 FOLHAS PARA VIDROS (VIDROS INCLUSOS), COM BANDEIRA, BATENTE/ REQUADRO 6 A 14 CM, ACABAMENTO COM ACETATO OU BRILHANTE, FIXAÇÃO COM PARAFUSO, SEM GUARNIÇÃO/ ALIZAR, DIMENSÕES 150X120 CM, VEDAÇÃO COM SILICONE, EXCLUSIVE CONTRAMARCO - FORNECIMENTO E INSTALAÇÃO. AF_11/2024",Esquadrias - Janelas,M2,M2,1.0,85,high,rule+dim,False,94573:85
janela||JANELA COM ESQUADRIA DE CORRER - 4 FOLHAS - 350 x 100|,janela,Esquadrias,JANELA COM ESQUADRIA DE CORRER - 4 FOLHAS - 350 x 100,,M2,94573.0,"JANELA DE ALUMÍNIO DE CORRER COM 4 FOLHAS PARA VIDROS (VIDROS INCLUSOS), COM BANDEIRA, BATENTE/ REQUADRO 6 A 14 CM, ACABAMENTO COM ACETATO OU BRILHANTE, FIXAÇÃO COM PARAFUSO, SEM GUARNIÇÃO/ ALIZAR, DIMENSÕES 150X120 CM, VEDAÇÃO COM SILICONE, EXCLUSIVE CONTRAMARCO - FORNECIMENTO E INSTALAÇÃO. AF_11/2024",Esquadrias - Janelas,M2,M2,1.0,85,high,rule+dim,False,94573:85
janela||JANELA COM ESQUADRIA DE CORRER - 4 FOLHAS - 350 x 140|,janela,Esquadrias,JANELA COM ESQUADRIA DE CORRER - 4 FOLHAS - 350 x 140,,M2,94573.0,"JANELA DE ALUMÍNIO DE CORRER COM 4 FOLHAS PARA VIDROS (VIDROS INCLUSOS), COM BANDEIRA, BATENTE/ REQUADRO 6 A 14 CM, ACABAMENTO COM ACETATO OU BRILHANTE, FIXAÇÃO COM PARAFUSO, SEM GUARNIÇÃO/ ALIZAR, DIMENSÕES 150X120 CM, VEDAÇÃO COM SILICONE, EXCLUSIVE CONTRAMARCO - FORNECIMENTO E INSTALAÇÃO. AF_11/2024",Esquadrias - Janelas,M2,M2,1.0,85,high,rule+dim,False,94573:85
janela||JANELA COM ESQUADRIA FIXA - 1 FOLHA - 350|,janela,Esquadrias,JANELA COM ESQUADRIA FIXA - 1 FOLHA - 350,,M2,100674.0,"CAIXILHO FIXO DE ALUMÍNIO PARA VIDRO (VIDRO INCLUSO), BATENTE/ REQUADRO DE 4 A 14 CM, SEM GUARNIÇÃO/ ALIZAR, FIXAÇÃO COM PARAFUSOS, VEDAÇÃO COM SILICONE, EXCLUSIVE CONTRAMARCO - FORNECIMENTO E INSTALAÇÃO. AF_11/2024",Esquadrias - Janelas,M2,M2,1.0,23,medium,rule+dim,False,100674:23
janela||JANELA COM ESQUADRIA MAXIM-AR - 1 FOLHA - 80 x 60|,janela,Esquadrias,JANELA COM ESQUADRIA MAXIM-AR - 1 FOLHA - 80 x 60,,M2,94569.0,"JANELA DE ALUMÍNIO TIPO MAXIM-AR, BATENTE/ REQUADRO 3 A 14 CM, VIDRO INCLUSO, FIXAÇÃO COM PARAFUSO, SEM GUARNIÇÃO/ ALIZAR, DIMENSÕES 60X80 (A X L) CM, SEM ACABAMENTO, VEDAÇÃO COM SILICONE, EXCLUSIVE CONTRAMARCO - FORNECIMENTO E INSTALAÇÃO. AF_11/2024",Esquadrias - Janelas,M2,M2,1.0,67,high,rule+dim,False,94569:67;105813:57
janela||JANELA COM ESQUADRIA MAXIM-AR - 1 FOLHA1 - 45 x 110|,janela,Esquadrias,JANELA COM ESQUADRIA MAXIM-AR - 1 FOLHA1 - 45 x 110,,M2,94569.0,"JANELA DE ALUMÍNIO TIPO MAXIM-AR, BATENTE/ REQUADRO 3 A 14 CM, VIDRO INCLUSO, FIXAÇÃO COM PARAFUSO, SEM GUARNIÇÃO/ ALIZAR, DIMENSÕES 60X80 (A X L) CM, SEM ACABAMENTO, VEDAÇÃO COM SILICONE, EXCLUSIVE CONTRAMARCO - FORNECIMENTO E INSTALAÇÃO. AF_11/2024",Esquadrias - Janelas,M2,M2,1.0,66,high,rule+dim,False,94569:66;105813:56
janela||JANELA COM ESQUADRIA MAXIM-AR - 3 FOLHA - 300x60|,janela,Esquadrias,JANELA COM ESQUADRIA MAXIM-AR - 3 FOLHA - 300x60,,M2,94569.0,"JANELA DE ALUMÍNIO TIPO MAXIM-AR, BATENTE/ REQUADRO 3 A 14 CM, VIDRO INCLUSO, FIXAÇÃO COM PARAFUSO, SEM GUARNIÇÃO/ ALIZAR, DIMENSÕES 60X80 (A X L) CM, SEM ACABAMENTO, VEDAÇÃO COM SILICONE, EXCLUSIVE CONTRAMARCO - FORNECIMENTO E INSTALAÇÃO. AF_11/2024",Esquadrias - Janelas,M2,M2,1.0,72,high,rule+dim,False,94569:72;105813:52
janela||JANELA COM ESQUADRIA MAXIM-AR - 3 FOLHA - 365 x 151|,janela,Esquadrias,JANELA COM ESQUADRIA MAXIM-AR - 3 FOLHA - 365 x 151,,M2,94569.0,"JANELA DE ALUMÍNIO TIPO MAXIM-AR, BATENTE/ REQUADRO 3 A 14 CM, VIDRO INCLUSO, FIXAÇÃO COM PARAFUSO, SEM GUARNIÇÃO/ ALIZAR, DIMENSÕES 60X80 (A X L) CM, SEM ACABAMENTO, VEDAÇÃO COM SILICONE, EXCLUSIVE CONTRAMARCO - FORNECIMENTO E INSTALAÇÃO. AF_11/2024",Esquadrias - Janelas,M2,M2,1.0,72,high,rule+dim,False,94569:72;105813:52
janela||JANELA COM ESQUADRIA MAXIM-AR - 4 FOLHA - 100x230 2|,janela,Esquadrias,JANELA COM ESQUADRIA MAXIM-AR - 4 FOLHA - 100x230 2,,M2,94569.0,"JANELA DE ALUMÍNIO TIPO MAXIM-AR, BATENTE/ REQUADRO 3 A 14 CM, VIDRO INCLUSO, FIXAÇÃO COM PARAFUSO, SEM GUARNIÇÃO/ ALIZAR, DIMENSÕES 60X80 (A X L) CM, SEM ACABAMENTO, VEDAÇÃO COM SILICONE, EXCLUSIVE CONTRAMARCO - FORNECIMENTO E INSTALAÇÃO. AF_11/2024",Esquadrias - Janelas,M2,M2,1.0,65,high,rule+dim,False,94569:65;105813:50
janela||JANELA COM ESQUADRIA MAXIM-AR - 4 FOLHA - 490 x 60|,janela,Esquadrias,JANELA COM ESQUADRIA MAXIM-AR - 4 FOLHA - 490 x 60,,M2,94569.0,"JANELA DE ALUMÍNIO TIPO MAXIM-AR, BATENTE/ REQUADRO 3 A 14 CM, VIDRO INCLUSO, FIXAÇÃO COM PARAFUSO, SEM GUARNIÇÃO/ ALIZAR, DIMENSÕES 60X80 (A X L) CM, SEM ACABAMENTO, VEDAÇÃO COM SILICONE, EXCLUSIVE CONTRAMARCO - FORNECIMENTO E INSTALAÇÃO. AF_11/2024",Esquadrias - Janelas,M2,M2,1.0,67,high,rule+dim,False,94569:67;105813:52
janela||JANELA COM ESQUADRIA MAXIM-AR - 4 FOLHAS + PEITORIL COM ESQUADRIA FIXA - 4 FOLHAS + BANDEIRA COM ESQUADRIA FIXA - 4 FOLHAS - 400 X 180|,janela,Esquadrias,JANELA COM ESQUADRIA MAXIM-AR - 4 FOLHAS + PEITORIL COM ESQUADRIA FIXA - 4 FOLHAS + BANDEIRA COM ESQUADRIA FIXA - 4 FOLHAS - 400 X 180,,M2,94569.0,"JANELA DE ALUMÍNIO TIPO MAXIM-AR, BATENTE/ REQUADRO 3 A 14 CM, VIDRO INCLUSO, FIXAÇÃO COM PARAFUSO, SEM GUARNIÇÃO/ ALIZAR, DIMENSÕES 60X80 (A X L) CM, SEM ACABAMENTO, VEDAÇÃO COM SILICONE, EXCLUSIVE CONTRAMARCO - FORNECIMENTO E INSTALAÇÃO. AF_11/2024",Esquadrias - Janelas,M2,M2,1.0,47,medium,rule+dim,False,94569:47;105813:38
janela||JANELA COM ESQUADRIA MAXIM-AR - 4 FOLHAS - 220 x 60|,janela,Esquadrias,JANELA COM ESQUADRIA MAXIM-AR - 4 FOLHAS - 220 x 60,,M2,94569.0,"JANELA DE ALUMÍNIO TIPO MAXIM-AR, BATENTE/ REQUADRO 3 A 14 CM, VIDRO INCLUSO, FIXAÇÃO COM PARAFUSO, SEM GUARNIÇÃO/ ALIZAR, DIMENSÕES 60X80 (A X L) CM, SEM ACABAMENTO, VEDAÇÃO COM SILICONE, EXCLUSIVE CONTRAMARCO - FORNECIMENTO E INSTALAÇÃO. AF_11/2024",Esquadrias - Janelas,M2,M2,1.0,66,high,rule+dim,False,94569:66;105813:50
janela||JANELA COM ESQUADRIA MAXIM-AR - 4 FOLHAS - 280 x 60|,janela,Esquadrias,JANELA COM ESQUADRIA MAXIM-AR - 4 FOLHAS - 280 x 60,,M2,94569.0,"JANELA DE ALUMÍNIO TIPO MAXIM-AR, BATENTE/ REQUADRO 3 A 14 CM, VIDRO INCLUSO, FIXAÇÃO COM PARAFUSO, SEM GUARNIÇÃO/ ALIZAR, DIMENSÕES 60X80 (A X L) CM, SEM ACABAMENTO, VEDAÇÃO COM SILICONE, EXCLUSIVE CONTRAMARCO - FORNECIMENTO E INSTALAÇÃO. AF_11/2024",Esquadrias - Janelas,M2,M2,1.0,66,high,rule+dim,False,94569:66;105813:50
janela||JANELA COM ESQUADRIA MAXIM-AR - 4 FOLHAS - 310 x 115 (ESQUADRIA BEGE)|,janela,Esquadrias,JANELA COM ESQUADRIA MAXIM-AR - 4 FOLHAS - 310 x 115 (ESQUADRIA BEGE),,M2,94569.0,"JANELA DE ALUMÍNIO TIPO MAXIM-AR, BATENTE/ REQUADRO 3 A 14 CM, VIDRO INCLUSO, FIXAÇÃO COM PARAFUSO, SEM GUARNIÇÃO/ ALIZAR, DIMENSÕES 60X80 (A X L) CM, SEM ACABAMENTO, VEDAÇÃO COM SILICONE, EXCLUSIVE CONTRAMARCO - FORNECIMENTO E INSTALAÇÃO. AF_11/2024",Esquadrias - Janelas,M2,M2,1.0,61,high,rule+dim,False,94569:61;105813:46
janela||JANELA COM ESQUADRIA MAXIM-AR - 4 FOLHAS - 320 x 60|,janela,Esquadrias,JANELA COM ESQUADRIA MAXIM-AR - 4 FOLHAS - 320 x 60,,M2,94569.0,"JANELA DE ALUMÍNIO TIPO MAXIM-AR, BATENTE/ REQUADRO 3 A 14 CM, VIDRO INCLUSO, FIXAÇÃO COM PARAFUSO, SEM GUARNIÇÃO/ ALIZAR, DIMENSÕES 60X80 (A X L) CM, SEM ACABAMENTO, VEDAÇÃO COM SILICONE, EXCLUSIVE CONTRAMARCO - FORNECIMENTO E INSTALAÇÃO. AF_11/2024",Esquadrias - Janelas,M2,M2,1.0,66,high,rule+dim,False,94569:66;105813:50
janela||JANELA DE VIDRO PIVOTANTE - 1 FOLHA - 60 x 120|,janela,Esquadrias,JANELA DE VIDRO PIVOTANTE - 1 FOLHA - 60 x 120,,M2,100674.0,"CAIXILHO FIXO DE ALUMÍNIO PARA VIDRO (VIDRO INCLUSO), BATENTE/ REQUADRO DE 4 A 14 CM, SEM GUARNIÇÃO/ ALIZAR, FIXAÇÃO COM PARAFUSOS, VEDAÇÃO COM SILICONE, EXCLUSIVE CONTRAMARCO - FORNECIMENTO E INSTALAÇÃO. AF_11/2024",Esquadrias - Janelas,M2,M2,1.0,39,medium,rule+dim,False,100674:39
janela||ÓCULO RETANGULAR COM ESQUADRIA - 100 x 100|,janela,Esquadrias,ÓCULO RETANGULAR COM ESQUADRIA - 100 x 100,,M2,100674.0,"CAIXILHO FIXO DE ALUMÍNIO PARA VIDRO (VIDRO INCLUSO), BATENTE/ REQUADRO DE 4 A 14 CM, SEM GUARNIÇÃO/ ALIZAR, FIXAÇÃO COM PARAFUSOS, VEDAÇÃO COM SILICONE, EXCLUSIVE CONTRAMARCO - FORNECIMENTO E INSTALAÇÃO. AF_11/2024",Esquadrias - Janelas,M2,M2,1.0,20,high,llm_review,True,100674:20;105813:20;94559:19;94562:19;94569:19
janela||ÓCULO RETANGULAR COM ESQUADRIA - 100 x 101|,janela,Esquadrias,ÓCULO RETANGULAR COM ESQUADRIA - 100 x 101,,M2,100674.0,"CAIXILHO FIXO DE ALUMÍNIO PARA VIDRO (VIDRO INCLUSO), BATENTE/ REQUADRO DE 4 A 14 CM, SEM GUARNIÇÃO/ ALIZAR, FIXAÇÃO COM PARAFUSOS, VEDAÇÃO COM SILICONE, EXCLUSIVE CONTRAMARCO - FORNECIMENTO E INSTALAÇÃO. AF_11/2024",Esquadrias - Janelas,M2,M2,1.0,20,high,llm_review,True,100674:20;105813:20;94559:19;94562:19;94569:19
janela||ÓCULO RETANGULAR COM ESQUADRIA - 250 x 125|,janela,Esquadrias,ÓCULO RETANGULAR COM ESQUADRIA - 250 x 125,,M2,100674.0,"CAIXILHO FIXO DE ALUMÍNIO PARA VIDRO (VIDRO INCLUSO), BATENTE/ REQUADRO DE 4 A 14 CM, SEM GUARNIÇÃO/ ALIZAR, FIXAÇÃO COM PARAFUSOS, VEDAÇÃO COM SILICONE, EXCLUSIVE CONTRAMARCO - FORNECIMENTO E INSTALAÇÃO. AF_11/2024",Esquadrias - Janelas,M2,M2,1.0,20,high,llm_review,True,100674:20;105813:20;94559:19;94562:19;94569:19
janela||ÓCULO RETANGULAR COM ESQUADRIA - 60 x 100|,janela,Esquadrias,ÓCULO RETANGULAR COM ESQUADRIA - 60 x 100,,M2,100674.0,"CAIXILHO FIXO DE ALUMÍNIO PARA VIDRO (VIDRO INCLUSO), BATENTE/ REQUADRO DE 4 A 14 CM, SEM GUARNIÇÃO/ ALIZAR, FIXAÇÃO COM PARAFUSOS, VEDAÇÃO COM SILICONE, EXCLUSIVE CONTRAMARCO - FORNECIMENTO E INSTALAÇÃO. AF_11/2024",Esquadrias - Janelas,M2,M2,1.0,20,high,llm_review,True,100674:20;105813:20;94559:19;94562:19;94569:19
"vidro_fachada||Parede cortina - PELE DE VIDRO (---, COM MONTANTES) x (---, COM MONTANTES)|",vidro_fachada,Esquadrias,"Parede cortina - PELE DE VIDRO (---, COM MONTANTES) x (---, COM MONTANTES)",,M2,102192.0,REMOÇÃO DE VIDRO TEMPERADO FIXADO EM PERFIL U. AF_11/2025,Vidros e Espelhos,M2,M2,1.0,48,low,rule+fuzzy,False,102192:48;102179:47;102180:47;102181:47;102190:46
louca_sanitaria|ASSENTO DE BACIA SANITÁRIA (COMPARTILHADO)|BRANCO GELO|,louca_sanitaria,Hidrossanitário,ASSENTO DE BACIA SANITÁRIA (COMPARTILHADO) | BRANCO GELO,toilet,UN,86931.0,"BACIA SANITÁRIA COM CAIXA ACOPLADA LOUÇA BRANCA, INCLUSO ENGATE FLEXÍVEL EM PLÁSTICO BRANCO, 1/2"" X 40 CM - FORNECIMENTO E INSTALAÇÃO. AF_02/2026",Louças e Metais,UN,UN,1.0,66,high,llm_review,True,95471:66;86931:59;95469:55;86888:54;100848:53
louca_sanitaria|BACIA SANITÁRIA CONVENCIONAL - DECA LINHA NUOVA P.13|P.13 BRANCO GELO GE17|,louca_sanitaria,Hidrossanitário,BACIA SANITÁRIA CONVENCIONAL - DECA LINHA NUOVA P.13 | P.13 BRANCO GELO GE17,toilet,UN,86931.0,"BACIA SANITÁRIA COM CAIXA ACOPLADA LOUÇA BRANCA, INCLUSO ENGATE FLEXÍVEL EM PLÁSTICO BRANCO, 1/2"" X 40 CM - FORNECIMENTO E INSTALAÇÃO. AF_02/2026",Louças e Metais,UN,UN,1.0,58,high,llm_review,True,100849:58;95469:55;100848:54;86888:52;100878:51
louca_sanitaria|BANCADA LINEAR COM DUAS CUBAS DE SEMI-ENCAIXE RETANGULAR|PROF = 40|,louca_sanitaria,Hidrossanitário,BANCADA LINEAR COM DUAS CUBAS DE SEMI-ENCAIXE RETANGULAR | PROF = 40,sink,UN,86900.0,"CUBA DE EMBUTIR RETANGULAR DE AÇO INOXIDÁVEL, 46 X 30 X 12 CM - FORNECIMENTO E INSTALAÇÃO. AF_02/2026",Louças e Metais,UN,UN,1.0,55,low,llm_review,True,86900:55;100852:55;86894:54;106772:52;86872:49
louca_sanitaria|BANCADA LINEAR COM UMA CUBA DE SEMI-ENCAIXE RETANGULAR|PROF = 40|,louca_sanitaria,Hidrossanitário,BANCADA LINEAR COM UMA CUBA DE SEMI-ENCAIXE RETANGULAR | PROF = 40,sink,UN,86900.0,"CUBA DE EMBUTIR RETANGULAR DE AÇO INOXIDÁVEL, 46 X 30 X 12 CM - FORNECIMENTO E INSTALAÇÃO. AF_02/2026",Louças e Metais,UN,UN,1.0,55,low,llm_review,True,86900:55;100852:55;86894:54;106772:54;100854:51
louca_sanitaria|BARRA DE APOIO DECA CONFORTO - TIPO LINEAR|ESCOVADO|,louca_sanitaria,Hidrossanitário,BARRA DE APOIO DECA CONFORTO - TIPO LINEAR | ESCOVADO,unknown,UN,100863.0,"BARRA DE APOIO EM ""L"", EM AÇO INOX POLIDO 70 X 70 CM, FIXADA NA PAREDE - FORNECIMENTO E INSTALAÇÃO. AF_02/2026",Louças e Metais,UN,UN,1.0,51,high,llm_review,True,100863:51;100864:51;100853:50;95543:49;100866:47
louca_sanitaria|COLUNA PARA TANQUE (COMPARTILHADO)|BRANCO GELO|,louca_sanitaria,Hidrossanitário,COLUNA PARA TANQUE (COMPARTILHADO) | BRANCO GELO,sink,UN,86872.0,"TANQUE DE LOUÇA BRANCA COM COLUNA, 30L OU EQUIVALENTE - FORNECIMENTO E INSTALAÇÃO. AF_02/2026",Louças e Metais,UN,UN,1.0,51,high,llm_review,True,86872:51;86916:49;86902:48;86875:45;86914:45
louca_sanitaria|CUBA DE SEMI-ENCAIXE  RETANGULAR COM MESA (1) (COMPARTILHADO)|L83C (410 x 410)|,louca_sanitaria,Hidrossanitário,CUBA DE SEMI-ENCAIXE  RETANGULAR COM MESA (1) (COMPARTILHADO) | L83C (410 x 410),sink,UN,86900.0,"CUBA DE EMBUTIR RETANGULAR DE AÇO INOXIDÁVEL, 46 X 30 X 12 CM - FORNECIMENTO E INSTALAÇÃO. AF_02/2026",Louças e Metais,UN,UN,1.0,51,medium,llm_review,True,86900:51;100852:51;100854:51;106772:48;86894:46
louca_sanitaria|CUBA DE SEMI-ENCAIXE  RETANGULAR COM MESA (2) (COMPARTILHADO)|L83C (410 x 410)|,louca_sanitaria,Hidrossanitário,CUBA DE SEMI-ENCAIXE  RETANGULAR COM MESA (2) (COMPARTILHADO) | L83C (410 x 410),sink,UN,86900.0,"CUBA DE EMBUTIR RETANGULAR DE AÇO INOXIDÁVEL, 46 X 30 X 12 CM - FORNECIMENTO E INSTALAÇÃO. AF_02/2026",Louças e Metais,UN,UN,1.0,51,medium,llm_review,True,86900:51;100852:51;100854:51;106772:48;86894:46
louca_sanitaria|CUBA SIMPLES RETANGULAR PARA PIA DE COZINHA OU SEMELHANTE|INOX 50 x 44 cm|,louca_sanitaria,Hidrossanitário,CUBA SIMPLES RETANGULAR PARA PIA DE COZINHA OU SEMELHANTE | INOX 50 x 44 cm,sink,UN,86900.0,"CUBA DE EMBUTIR RETANGULAR DE AÇO INOXIDÁVEL, 46 X 30 X 12 CM - FORNECIMENTO E INSTALAÇÃO. AF_02/2026",Louças e Metais,UN,UN,1.0,63,high,llm_review,True,93442:63;86900:53;100852:53;86889:52;86893:51
louca_sanitaria|MICTÓRIO INDIVIDUAL SINFONADO|_Produtos_Arq_Bib_Urinoir|,louca_sanitaria,Hidrossanitário,MICTÓRIO INDIVIDUAL SINFONADO | _Produtos_Arq_Bib_Urinoir,urinal,UN,100858.0,MICTÓRIO SIFONADO COM VÁLVULA DE DESCARGA EM LOUÇA BRANCA - PADRÃO MÉDIO - FORNECIMENTO E INSTALAÇÃO. AF_02/2026,Louças e Metais,UN,UN,1.0,41,high,llm_review,True,100853:41;100859:41;100858:40;106776:40;86904:38
louca_sanitaria|TANQUE SIMPLES COM COLUNA - 18 LITROS|BRANCO GELO|,louca_sanitaria,Hidrossanitário,TANQUE SIMPLES COM COLUNA - 18 LITROS | BRANCO GELO,sink,UN,86872.0,"TANQUE DE LOUÇA BRANCA COM COLUNA, 30L OU EQUIVALENTE - FORNECIMENTO E INSTALAÇÃO. AF_02/2026",Louças e Metais,UN,UN,1.0,53,high,llm_review,True,86872:53;86875:53;86919:53;86920:53;86921:53
rampa_escada|Rampa|Ramp 1|CONCRETO IN LOCO,rampa_escada,Circulação,Rampa | Ramp 1 | CONCRETO IN LOCO,ramp,UN,105002.0,"RAMPA DE ACESSIBILIDADE EM CONCRETO MOLDADO IN LOCO, EM CALÇADA NOVA COM LARGURA MAIOR OU IGUAL À 3,00 M, FCK 25MPA, COM PISO PODOTÁTIL. AF_03/2024",Acessibilidade,UN,UN,1.0,86,high,rule+fuzzy,False,105002:86;105003:86
guarda_corpo|Guarda-corpo|Commercial - Glass w Fixings|,guarda_corpo,Circulação,Guarda-corpo | Commercial - Glass w Fixings,guardrail,M,99846.0,"GUARDA-CORPO PANORÂMICO DE 1,10M, MONTANTES EM ALUMÍNIO DE 90X45 MM ESPAÇADOS DE 1,20M, TRAVESSA SUPERIOR EM ALUMÍNIO DE 120X60 MM E VIDRO LAMINADO 8 MM, FIXADO COM ADESIVO ESTRUTURAL EPOXI. AF_10/2025","Guarda-Corpo, Corrimão e Grade para Esquadrias",M,M,1.0,47,medium,llm_review,True,99842:47;99844:47;106220:47;106221:47;99858:37
guarda_corpo|Guarda-corpo|CORRIMÃO NBR 9050 A (PISO OU RAMPAS)|,guarda_corpo,Circulação,Guarda-corpo | CORRIMÃO NBR 9050 A (PISO OU RAMPAS),handrail,M,99855.0,"CORRIMÃO SIMPLES FIXADO EM PAREDE, DIÂMETRO EXTERNO = 1 1/2"", EM AÇO GALVANIZADO. AF_10/2025_PS","Guarda-Corpo, Corrimão e Grade para Esquadrias",M,M,1.0,47,low,rule+fuzzy,False,99855:47;99860:47;99857:46;99858:46;106220:45
guarda_corpo|Guarda-corpo|CORRIMÃO NBR 9050 A|,guarda_corpo,Circulação,Guarda-corpo | CORRIMÃO NBR 9050 A,handrail,M,106220.0,"GUARDA-CORPO DE AÇO GALVANIZADO COMPLEMENTAR À ALVENARIA, 0,65 M DE ALTURA, MONTANTES TUBULARES DE 1 1/4"" ESPAÇADOS DE 1,80 M, TRAVESSA SUPERIOR DE 1 1/2"", GRADIL FORMADO POR TUBOS HORIZONTAIS DE 1"" E VERTICAIS DE 3/4"", FIXADO COM ADESIVO ESTRUTURAL EPÓXI. AF_10/2025","Guarda-Corpo, Corrimão e Grade para Esquadrias",M,M,1.0,60,medium,rule+fuzzy,False,106220:60;106221:60;99842:54;99844:54;99860:44
guarda_corpo|Guarda-corpo|GRADIL V 160 01 4|,guarda_corpo,Circulação,Guarda-corpo | GRADIL V 160 01 4,guardrail,M,99842.0,"GUARDA-CORPO DE AÇO GALVANIZADO DE 1,10M, MONTANTES TUBULARES DE 1.1/4"" ESPAÇADOS 1,20M, TRAVESSA SUPERIOR DE 1.1/2"", GRADIL FORMADO POR TUBOS HORIZONTAIS DE 1"" E VERTICAIS DE 3/4"", FIXADO COM ADESIVO ESTRUTURAL EPOXI. AF_10/2025_PS","Guarda-Corpo, Corrimão e Grade para Esquadrias",M,M,1.0,82,high,rule+fuzzy,False,99842:82;106220:82;106221:82;99844:77;99860:37
guarda_corpo|Guarda-corpo|GRADIL V 200 01 PORTÃO 2|,guarda_corpo,Circulação,Guarda-corpo | GRADIL V 200 01 PORTÃO 2,guardrail,M,,,"Guarda-Corpo, Corrimão e Grade para Esquadrias",M,M,1.0,72,gap,llm_review,True,99842:72;99844:72;106220:72;106221:72;99860:42
guarda_corpo|Guarda-corpo|GRADIL V 200 01 PORTÃO|,guarda_corpo,Circulação,Guarda-corpo | GRADIL V 200 01 PORTÃO,guardrail,M,,,"Guarda-Corpo, Corrimão e Grade para Esquadrias",M,M,1.0,70,gap,llm_review,True,99842:70;99844:70;106220:70;106221:70;99860:39
guarda_corpo|Guarda-corpo|GRADIL V 200 01|,guarda_corpo,Circulação,Guarda-corpo | GRADIL V 200 01,guardrail,M,99842.0,"GUARDA-CORPO DE AÇO GALVANIZADO DE 1,10M, MONTANTES TUBULARES DE 1.1/4"" ESPAÇADOS 1,20M, TRAVESSA SUPERIOR DE 1.1/2"", GRADIL FORMADO POR TUBOS HORIZONTAIS DE 1"" E VERTICAIS DE 3/4"", FIXADO COM ADESIVO ESTRUTURAL EPOXI. AF_10/2025_PS","Guarda-Corpo, Corrimão e Grade para Esquadrias",M,M,1.0,80,high,rule+fuzzy,False,99842:80;99844:80;106220:80;106221:80;99860:36
fechamento_lote||Guarda-corpo - GRADIL V 160 01 4|,fechamento_lote,Circulação,Guarda-corpo - GRADIL V 160 01 4,,M,98522.0,"ALAMBRADO EM MOURÕES DE CONCRETO, COM TELA DE ARAME GALVANIZADO (INCLUSIVE MURETA EM CONCRETO). AF_12/2025","Cercas, Protetores e Alambrados",M,M,1.0,34,low,rule+fuzzy,False,98522:34;106476:29;106479:29;106457:28;106477:28
fechamento_lote||Guarda-corpo - GRADIL V 200 01 PORTÃO 2|,fechamento_lote,Circulação,Guarda-corpo - GRADIL V 200 01 PORTÃO 2,,M,,,"Cercas, Protetores e Alambrados",M,M,1.0,38,gap,llm_review,True,98522:38;101193:33;101194:33;101205:33;106479:33
fechamento_lote||Guarda-corpo - GRADIL V 200 01 PORTÃO|,fechamento_lote,Circulação,Guarda-corpo - GRADIL V 200 01 PORTÃO,,M,,,"Cercas, Protetores e Alambrados",M,M,1.0,37,gap,llm_review,True,98522:37;101193:31;101194:31;101205:31;106477:31
fechamento_lote||Guarda-corpo - GRADIL V 200 01|,fechamento_lote,Circulação,Guarda-corpo - GRADIL V 200 01,,M,98522.0,"ALAMBRADO EM MOURÕES DE CONCRETO, COM TELA DE ARAME GALVANIZADO (INCLUSIVE MURETA EM CONCRETO). AF_12/2025","Cercas, Protetores e Alambrados",M,M,1.0,34,low,rule+fuzzy,False,98522:34;101193:27;101194:27;106457:27;106473:27
fechamento_lote||PORTÃO DE METAL|,fechamento_lote,Circulação,PORTÃO DE METAL,,M,,,"Cercas, Protetores e Alambrados",M,M,1.0,75,gap,llm_review,True,101205:75;98522:25;101190:23;101191:23;101193:23
